CoC-Code,Year,Overall Homeless,Overall Chronically Homeless,Unsheltered Homeless,Sheltered Total Homeless,Sheltered ES Homeless,Sheltered TH Homeless,Sheltered SH Homeless,Total Funding,ttl_population,Median Rent,ttl_extreme_poverty,ttl_poverty,Total_Housing_Units,Vacant_Units,pct_change_homeless
AZ-502,2014,5918.0,403.0,1053.0,4865.0,2558.0,2282.0,25.0,26955002.0,3895963.0,952.0,1425611.0,666748.0,1657753.0,233509.0,0.0
AZ-502,2015,5631.0,480.0,1289.0,4342.0,2004.0,2313.0,25.0,26386235.0,3965553.0,962.0,320941.0,673527.0,1668555.0,226037.0,-4.849611355187566
AZ-502,2016,5702.0,745.0,1646.0,4056.0,2362.0,1669.0,25.0,26882333.0,4035348.0,989.0,321331.0,666513.0,1680412.0,214572.0,1.2608772864500128
AZ-502,2017,5605.0,939.0,2059.0,3546.0,2254.0,1271.0,21.0,25418465.0,4101308.0,1033.0,306333.0,644476.0,1699628.0,210095.0,-1.701157488600491
AZ-502,2018,6298.0,974.0,2618.0,3680.0,2099.0,1555.0,26.0,25888759.0,4198378.0,1079.0,289648.0,618496.0,1719157.0,198390.0,12.36396074933095
AZ-502,2019,6614.0,962.0,3188.0,3426.0,1975.0,1406.0,45.0,27746647.0,4272832.0,1127.0,274071.0,588350.0,1740694.0,188598.0,5.017465862178461
AZ-502,2020,7419.0,1052.0,3767.0,3652.0,2172.0,1434.0,46.0,28412341.0,4353138.0,1182.0,257624.0,553661.0,1765880.0,169096.0,12.171152101602667
AZ-502,2021,3650.0,588.0,0.0,3650.0,2398.0,1212.0,40.0,33039654.0,4308734.0,1275.0,242739.0,518951.0,1794248.0,162097.0,-50.80199487801591
AZ-502,2022,9026.0,1287.0,5029.0,3997.0,2796.0,1158.0,43.0,35726942.0,4368048.0,1437.0,244935.0,503565.0,1821463.0,155903.0,147.2876712328767
AZ-502,2023,9642.0,1906.0,4908.0,4734.0,3668.0,1028.0,38.0,36265956.0,4425433.0,1587.0,251825.0,497877.0,1850862.0,153520.0,6.824728561932192
AZ-502,2024,9435.0,2135.0,4076.0,5359.0,4174.0,1151.0,34.0,46542337.0,4489967.0,1708.0,258703.0,492910.0,1884334.0,153638.0,-2.14685749844431
CA-500,2014,7567.0,2535.0,5674.0,1893.0,819.0,1065.0,9.0,11069996.0,1814339.0,1637.0,422167.0,180153.0,640439.0,25725.0,0.0
CA-500,2015,6556.0,2207.0,4627.0,1929.0,807.0,1113.0,9.0,11486738.0,1840035.0,1705.0,84197.0,175690.0,646190.0,24727.0,-13.360644905510766
CA-500,2016,6524.0,2146.0,4627.0,1897.0,777.0,1110.0,10.0,9959081.0,1856096.0,1813.0,84292.0,172213.0,651905.0,25326.0,-0.48810250152532264
CA-500,2017,7394.0,2097.0,5448.0,1946.0,1140.0,806.0,0.0,9313587.0,1881436.0,1955.0,81465.0,162525.0,658409.0,27958.0,13.33537706928265
CA-500,2018,7254.0,2139.0,5448.0,1806.0,1151.0,635.0,20.0,4960175.0,1891976.0,2126.0,75242.0,149850.0,665365.0,29840.0,-1.893427103056533
CA-500,2019,9706.0,2471.0,7922.0,1784.0,1080.0,687.0,17.0,4741100.0,1896320.0,2268.0,70936.0,142534.0,672495.0,32280.0,33.80204025365317
CA-500,2020,9605.0,2526.0,7922.0,1683.0,1245.0,419.0,19.0,29506119.0,1893555.0,2386.0,67602.0,135771.0,668896.0,33582.0,-1.040593447352156
CA-500,2021,2301.0,1028.0,0.0,2301.0,1960.0,324.0,17.0,31678024.0,1901844.0,2530.0,63177.0,126551.0,683510.0,36663.0,-76.04372722540343
CA-500,2022,10028.0,2838.0,7708.0,2320.0,2004.0,306.0,10.0,31236117.0,1886562.0,2719.0,67081.0,129834.0,688287.0,37935.0,335.81051716644936
CA-500,2023,9903.0,3833.0,7401.0,2502.0,2186.0,304.0,12.0,42667412.0,1871483.0,2814.0,66648.0,128470.0,694209.0,39742.0,-1.246509772636617
CA-500,2024,10394.0,4137.0,7401.0,2993.0,2691.0,298.0,4.0,39486518.0,1869227.0,2857.0,69986.0,132836.0,698837.0,39484.0,4.95809350701808
CA-501,2014,6408.0,2321.0,4315.0,2093.0,1522.0,517.0,54.0,2257675.0,815670.0,1533.0,230442.0,108328.0,380518.0,31686.0,0.0
CA-501,2016,6996.0,1932.0,4358.0,2638.0,2197.0,425.0,16.0,1487711.0,836561.0,1632.0,49447.0,104180.0,386755.0,29958.0,9.176029962546806
CA-501,2017,6858.0,2138.0,4353.0,2505.0,2056.0,434.0,15.0,755821.0,850547.0,1709.0,45906.0,99096.0,390376.0,31604.0,-1.9725557461406473
CA-501,2018,6857.0,1757.0,4353.0,2504.0,2011.0,474.0,19.0,770970.0,856426.0,1805.0,44604.0,92979.0,393975.0,34302.0,-0.014581510644506857
CA-501,2019,8035.0,3030.0,5180.0,2855.0,2412.0,425.0,18.0,772845.0,861359.0,1895.0,42363.0,89030.0,397812.0,35458.0,17.179524573428615
CA-501,2020,8124.0,2837.0,5180.0,2944.0,2471.0,473.0,0.0,47849533.0,861021.0,2010.0,43181.0,87125.0,398613.0,36472.0,1.107654013690107
CA-501,2021,4000.0,1668.0,0.0,4000.0,3588.0,412.0,0.0,52839360.0,852231.0,2130.0,44938.0,87874.0,404720.0,43498.0,-50.76317085179715
CA-501,2022,7754.0,2691.0,4397.0,3357.0,2933.0,424.0,0.0,51403408.0,837888.0,2316.0,45072.0,87849.0,408198.0,47356.0,93.85
CA-501,2023,7582.0,2520.0,4397.0,3185.0,2904.0,281.0,0.0,53021237.0,823358.0,2419.0,44856.0,87135.0,411542.0,48892.0,-2.218209956151662
CA-501,2024,8323.0,2989.0,4354.0,3969.0,3644.0,325.0,0.0,53794910.0,817138.0,2476.0,47680.0,91125.0,414602.0,50632.0,9.773146926932208
CA-502,2014,4272.0,1094.0,2337.0,1935.0,895.0,1040.0,0.0,6840973.0,1531346.0,1325.0,429814.0,197191.0,587071.0,35337.0,0.0
CA-502,2015,4040.0,750.0,2397.0,1643.0,794.0,849.0,0.0,6333892.0,1557087.0,1367.0,90031.0,194639.0,589858.0,30951.0,-5.4307116104868935
CA-502,2016,4145.0,753.0,2397.0,1748.0,892.0,856.0,0.0,6145370.0,1577618.0,1432.0,88232.0,189590.0,592796.0,28503.0,2.59900990099009
CA-502,2017,5629.0,1707.0,3863.0,1766.0,1022.0,744.0,0.0,5287271.0,1602357.0,1547.0,84216.0,181194.0,596898.0,27828.0,35.802171290711705
CA-502,2018,5496.0,1742.0,3863.0,1633.0,962.0,660.0,11.0,5663149.0,1617225.0,1674.0,82125.0,170884.0,601942.0,29072.0,-2.3627642565286933
CA-502,2019,8022.0,2236.0,6312.0,1710.0,1163.0,519.0,28.0,4739186.0,1630291.0,1797.0,80655.0,161581.0,608096.0,30919.0,45.96069868995634
CA-502,2020,8137.0,2437.0,6312.0,1825.0,1289.0,509.0,27.0,36369614.0,1635239.0,1904.0,76379.0,152060.0,605767.0,32593.0,1.4335577162802204
CA-502,2021,2546.0,950.0,0.0,2546.0,1963.0,566.0,17.0,39150229.0,1646476.0,2043.0,74307.0,146763.0,617045.0,35362.0,-68.71082708614968
CA-502,2022,9747.0,2728.0,7135.0,2612.0,2075.0,513.0,24.0,40087543.0,1637215.0,2229.0,77888.0,149843.0,622856.0,37038.0,282.8358208955224
CA-502,2023,9759.0,2805.0,7135.0,2624.0,1807.0,799.0,18.0,57331115.0,1624096.0,2318.0,76957.0,149752.0,630726.0,37609.0,0.12311480455524659
CA-502,2024,9450.0,3832.0,6343.0,3107.0,2271.0,825.0,11.0,51466942.0,1621569.0,2357.0,77440.0,149429.0,637212.0,38966.0,-3.1663080233630514
CA-503,2014,2449.0,422.0,786.0,1663.0,774.0,889.0,0.0,12620712.0,1427006.0,1035.0,543102.0,258031.0,558694.0,39234.0,0.0
CA-503,2015,2659.0,502.0,948.0,1711.0,931.0,780.0,0.0,18454283.0,1444720.0,1036.0,114677.0,262251.0,560271.0,37675.0,8.574928542262139
CA-503,2016,2500.0,540.0,948.0,1552.0,870.0,682.0,0.0,18873885.0,1458871.0,1065.0,114506.0,260877.0,562003.0,34668.0,-5.979691613388494
CA-503,2017,3665.0,1126.0,2052.0,1613.0,977.0,636.0,0.0,19247059.0,1474566.0,1122.0,107347.0,246203.0,564349.0,32299.0,46.599999999999994
CA-503,2018,3621.0,1192.0,2052.0,1569.0,1124.0,445.0,0.0,20180083.0,1489573.0,1184.0,103194.0,235982.0,567220.0,31191.0,-1.2005457025920818
CA-503,2019,5561.0,1641.0,3900.0,1661.0,1130.0,531.0,0.0,20915190.0,1504340.0,1252.0,97140.0,220713.0,570752.0,27727.0,53.57636012151339
CA-503,2020,5511.0,1727.0,3900.0,1611.0,1125.0,486.0,0.0,23349292.0,1517215.0,1333.0,93753.0,210174.0,572916.0,25397.0,-0.8991188635137592
CA-503,2021,1885.0,634.0,0.0,1885.0,1348.0,537.0,0.0,27063723.0,1550537.0,1434.0,95636.0,205590.0,583858.0,24822.0,-65.79568136454364
CA-503,2022,9278.0,4314.0,6664.0,2614.0,1979.0,635.0,0.0,29713497.0,1560173.0,1599.0,99114.0,204388.0,588894.0,25038.0,392.20159151193633
CA-503,2023,9281.0,4341.0,6664.0,2617.0,1986.0,631.0,0.0,30512102.0,1565333.0,1702.0,95460.0,197472.0,593616.0,25393.0,0.03233455486095771
CA-503,2024,6615.0,1574.0,3944.0,2671.0,2174.0,497.0,0.0,33435948.0,1575171.0,1790.0,98778.0,196831.0,598385.0,27328.0,-28.725352871457822
CA-504,2014,4266.0,1260.0,3309.0,957.0,570.0,387.0,0.0,2584293.0,485077.0,1302.0,143462.0,59716.0,205759.0,18824.0,0.0
CA-504,2015,3097.0,702.0,2060.0,1037.0,634.0,403.0,0.0,2970948.0,488673.0,1320.0,23614.0,57179.0,206399.0,18617.0,-27.40271917487107
CA-504,2016,2906.0,747.0,1906.0,1000.0,588.0,412.0,0.0,3087262.0,491031.0,1380.0,23651.0,55095.0,207058.0,18015.0,-6.1672586373910265
CA-504,2017,2835.0,598.0,1847.0,988.0,655.0,333.0,0.0,3076336.0,494366.0,1456.0,23108.0,52707.0,207908.0,17850.0,-2.4432209222298717
CA-504,2018,2996.0,747.0,1929.0,1067.0,801.0,266.0,0.0,3312364.0,494493.0,1549.0,23630.0,50714.0,207631.0,18292.0,5.679012345679002
CA-504,2019,2951.0,675.0,1957.0,994.0,728.0,266.0,0.0,3721504.0,492490.0,1621.0,22055.0,45418.0,207713.0,18339.0,-1.502002670226965
CA-504,2020,2745.0,562.0,1702.0,1043.0,738.0,305.0,0.0,3976410.0,489796.0,1743.0,22641.0,43086.0,206498.0,17540.0,-6.980684513724156
CA-504,2021,787.0,245.0,0.0,787.0,592.0,195.0,0.0,4112614.0,485874.0,1856.0,22746.0,42142.0,205136.0,16295.0,-71.32969034608378
CA-504,2022,2893.0,725.0,2088.0,805.0,575.0,230.0,0.0,4162516.0,481716.0,2029.0,24078.0,42925.0,205393.0,15740.0,267.5984752223634
CA-504,2023,2266.0,550.0,1291.0,975.0,703.0,272.0,0.0,4275968.0,478869.0,2093.0,21867.0,41044.0,206319.0,15821.0,-21.673003802281364
CA-504,2024,2522.0,606.0,1577.0,945.0,748.0,197.0,0.0,4592448.0,478922.0,2158.0,22896.0,42583.0,207699.0,16701.0,11.297440423654015
CA-505,2014,2009.0,775.0,1329.0,680.0,423.0,257.0,0.0,8985697.0,1071795.0,1395.0,265705.0,114171.0,403449.0,23266.0,0.0
CA-505,2015,2031.0,621.0,1327.0,704.0,474.0,230.0,0.0,9207144.0,1086538.0,1426.0,52117.0,117915.0,405001.0,20355.0,1.0950721752115422
CA-505,2016,1730.0,384.0,1110.0,620.0,454.0,166.0,0.0,8980372.0,1098165.0,1506.0,51168.0,111922.0,406803.0,19263.0,-14.820285573609059
CA-505,2017,1607.0,331.0,911.0,696.0,502.0,194.0,0.0,10230672.0,1114128.0,1600.0,49233.0,108630.0,409117.0,19520.0,-7.1098265895953805
CA-505,2018,2234.0,555.0,1537.0,697.0,552.0,145.0,0.0,11230444.0,1123857.0,1702.0,46961.0,102543.0,411338.0,19061.0,39.01680149346609
CA-505,2019,2295.0,504.0,1627.0,668.0,518.0,150.0,0.0,12336831.0,1132877.0,1819.0,45310.0,98595.0,413719.0,18950.0,2.7305282005371634
CA-505,2020,2277.0,699.0,1570.0,707.0,550.0,157.0,0.0,15239701.0,1138316.0,1928.0,45167.0,93021.0,415067.0,16768.0,-0.7843137254901933
CA-505,2021,820.0,396.0,0.0,820.0,709.0,111.0,0.0,16296852.0,1152417.0,2061.0,48686.0,94523.0,421239.0,16133.0,-63.98770311813791
CA-505,2022,3093.0,1567.0,2329.0,764.0,632.0,132.0,0.0,16848402.0,1153216.0,2234.0,50386.0,95255.0,424057.0,15520.0,277.1951219512195
CA-505,2023,2372.0,1590.0,1653.0,719.0,551.0,168.0,0.0,22687043.0,1151878.0,2322.0,52486.0,95048.0,426585.0,14923.0,-23.310701584222436
CA-505,2024,2843.0,1627.0,1959.0,884.0,685.0,199.0,0.0,19300140.0,1155874.0,2375.0,52744.0,96639.0,429260.0,14843.0,19.856661045531187
CA-506,2014,2962.0,1089.0,2206.0,756.0,287.0,469.0,0.0,2208219.0,406132.0,1228.0,170407.0,69898.0,139594.0,14479.0,0.0
CA-506,2015,2959.0,598.0,2107.0,852.0,374.0,478.0,0.0,2121998.0,408804.0,1236.0,24593.0,69475.0,139794.0,14392.0,-0.10128291694800895
CA-506,2016,3022.0,660.0,2107.0,915.0,453.0,462.0,0.0,1972200.0,411820.0,1275.0,22001.0,66289.0,140169.0,14253.0,2.129097668131119
CA-506,2017,3364.0,902.0,2514.0,850.0,420.0,430.0,0.0,1967620.0,415461.0,1338.0,22999.0,60933.0,140548.0,14609.0,11.317008603573786
CA-506,2018,3299.0,942.0,2514.0,785.0,333.0,452.0,0.0,1864863.0,416002.0,1401.0,21561.0,58699.0,141155.0,15103.0,-1.932223543400713
CA-506,2019,2704.0,641.0,1998.0,706.0,364.0,342.0,0.0,1840661.0,416284.0,1495.0,21817.0,54393.0,141820.0,14665.0,-18.035768414671118
CA-506,2020,2683.0,603.0,1998.0,685.0,397.0,288.0,0.0,1798544.0,415908.0,1600.0,20436.0,50052.0,141910.0,13907.0,-0.776627218934911
CA-506,2021,678.0,157.0,0.0,678.0,376.0,302.0,0.0,1916620.0,422014.0,1718.0,21173.0,51288.0,143094.0,13117.0,-74.72978009690645
CA-506,2022,2404.0,745.0,1625.0,779.0,500.0,279.0,0.0,2410304.0,421244.0,1873.0,21554.0,51913.0,143743.0,12770.0,254.57227138643069
CA-506,2023,2212.0,615.0,1625.0,587.0,398.0,189.0,0.0,2839225.0,419124.0,1995.0,22072.0,52732.0,144659.0,12613.0,-7.986688851913481
CA-506,2024,3057.0,1099.0,2379.0,678.0,533.0,145.0,0.0,7270850.0,420883.0,2055.0,22575.0,53589.0,145469.0,12980.0,38.200723327305596
CA-511,2014,1588.0,116.0,263.0,1325.0,744.0,581.0,0.0,0.0,686706.0,1033.0,289529.0,132986.0,235610.0,18267.0,0.0
CA-511,2015,1708.0,293.0,535.0,1173.0,628.0,545.0,0.0,0.0,694606.0,1024.0,52087.0,129390.0,236562.0,17489.0,7.5566750629722845
CA-511,2016,1780.0,247.0,535.0,1245.0,609.0,636.0,0.0,0.0,701338.0,1057.0,51799.0,124587.0,237752.0,16045.0,4.215456674473073
CA-511,2017,1542.0,254.0,567.0,975.0,794.0,181.0,0.0,0.0,710481.0,1100.0,50497.0,121296.0,239253.0,15445.0,-13.370786516853927
CA-511,2018,1685.0,262.0,567.0,1118.0,927.0,191.0,0.0,0.0,717960.0,1159.0,47375.0,114294.0,241055.0,14328.0,9.273670557717239
CA-511,2019,2631.0,742.0,1558.0,1073.0,845.0,228.0,0.0,0.0,726994.0,1208.0,44311.0,105461.0,243260.0,14693.0,56.14243323442136
CA-511,2020,2677.0,742.0,1558.0,1119.0,847.0,272.0,0.0,5207322.0,734604.0,1286.0,44190.0,100689.0,245192.0,14100.0,1.7483846446218143
CA-511,2021,885.0,170.0,0.0,885.0,723.0,162.0,0.0,5896442.0,753690.0,1387.0,44117.0,101951.0,249018.0,14356.0,-66.94060515502429
CA-511,2022,2319.0,809.0,1355.0,964.0,804.0,160.0,0.0,6054113.0,763754.0,1542.0,43129.0,98352.0,252327.0,14904.0,162.03389830508476
CA-511,2023,2454.0,886.0,1355.0,1099.0,935.0,164.0,0.0,6561775.0,773079.0,1633.0,43845.0,97063.0,256826.0,15453.0,5.821474773609325
CA-511,2024,4732.0,1087.0,3469.0,1263.0,1044.0,219.0,0.0,7521918.0,785218.0,1734.0,45236.0,97455.0,260151.0,14901.0,92.82803585982069
CA-514,2014,2592.0,497.0,1883.0,709.0,297.0,389.0,23.0,5892881.0,537882.5,910.5,274008.5,144154.5,184705.5,17069.0,0.0
CA-514,2015,1722.0,368.0,1183.0,539.0,208.0,307.0,24.0,7682593.0,541906.5,906.0,64185.5,143077.5,185829.5,16097.5,-33.56481481481482
CA-514,2016,1883.0,546.0,1431.0,452.0,232.0,197.0,23.0,8737368.0,546008.0,932.0,65120.0,143457.5,186850.5,15335.5,9.349593495934961
CA-514,2017,2016.0,692.0,1529.0,487.0,333.0,130.0,24.0,9006586.0,550841.5,955.5,61638.5,137642.0,188151.5,15010.5,7.063197026022294
CA-514,2018,2144.0,524.0,1681.0,463.0,331.0,108.0,24.0,9390872.0,554198.0,976.5,57811.5,131308.0,189469.5,14778.0,6.349206349206349
CA-514,2019,2508.0,698.0,2069.0,439.0,353.0,86.0,0.0,10733261.0,557419.0,1006.0,53725.0,123763.5,190909.5,14516.0,16.977611940298498
CA-514,2020,3641.0,645.0,2681.0,960.0,815.0,145.0,0.0,10662668.0,560285.0,1048.5,49102.0,115179.0,191918.5,14630.5,45.175438596491226
CA-514,2021,999.0,239.0,0.0,999.0,893.0,106.0,0.0,11198730.0,566473.5,1109.0,48993.0,113857.0,193010.5,14011.0,-72.56248283438616
CA-514,2022,4216.0,938.0,2338.0,1878.0,1542.0,336.0,0.0,11509065.0,570567.5,1196.0,48730.0,111914.5,194575.0,13485.5,322.02202202202204
CA-514,2023,4493.0,1500.0,2758.0,1735.0,1431.0,304.0,0.0,11693516.0,573267.5,1303.5,49364.5,107952.0,196185.5,12847.5,6.570208728652749
CA-514,2024,4305.0,1701.0,2758.0,1547.0,1376.0,171.0,0.0,12738622.0,576695.0,1391.0,49464.0,106293.0,197954.5,12914.0,-4.184286668150461
CA-516,2014,630.0,125.0,82.0,548.0,201.0,347.0,0.0,373349.0,175832.0,932.0,72287.0,31616.0,77647.0,8686.0,0.0
CA-516,2016,1272.0,425.0,960.0,312.0,185.0,127.0,0.0,317347.0,176464.0,945.0,13742.0,30945.0,77942.0,8229.0,101.9047619047619
CA-516,2017,934.0,341.0,404.0,530.0,264.0,266.0,0.0,346705.0,176173.0,966.0,14236.0,31967.0,78211.0,7725.0,-26.572327044025158
CA-516,2018,1149.0,431.0,690.0,459.0,248.0,211.0,0.0,346035.0,176198.0,1000.0,12733.0,30186.0,78535.0,8062.0,23.019271948608132
CA-516,2019,1349.0,318.0,806.0,543.0,338.0,205.0,0.0,354508.0,176274.0,1039.0,11674.0,29423.0,78634.0,7453.0,17.40644038294168
CA-516,2020,1529.0,430.0,1023.0,506.0,358.0,148.0,0.0,365267.0,176072.0,1075.0,11445.0,26504.0,78488.0,7643.0,13.343217197924396
CA-516,2021,792.0,97.0,0.0,792.0,527.0,265.0,0.0,409314.0,178903.0,1140.0,11088.0,25365.0,79490.0,8176.0,-48.201438848920866
CA-516,2022,1837.0,574.0,1096.0,741.0,449.0,292.0,0.0,413255.0,178820.0,1232.0,11684.0,23753.0,79626.0,8519.0,131.94444444444446
CA-516,2023,2521.0,758.0,1434.0,1087.0,720.0,367.0,0.0,421894.0,178633.0,1267.0,11502.0,23179.0,79748.0,8275.0,37.23462166575939
CA-516,2024,2404.0,746.0,1434.0,970.0,591.0,378.0,1.0,463991.0,178431.0,1317.0,11556.0,23705.0,80068.0,8836.0,-4.641015470051569
CA-600,2014,37131.0,9952.0,24469.0,12662.0,6610.0,6013.0,39.0,81543099.0,9819397.0,1221.0,4014863.0,1805868.0,3462075.0,219684.0,0.0
CA-600,2015,43519.0,15126.0,30461.0,13058.0,7271.0,5738.0,49.0,91791588.0,9886133.0,1231.0,749361.0,1800265.0,3476718.0,213649.0,17.203953569793427
CA-600,2016,46104.0,14306.0,34294.0,11810.0,6415.0,5380.0,15.0,97287570.0,9906013.0,1264.0,727312.0,1764081.0,3490118.0,208273.0,5.939934281578152
CA-600,2017,54305.0,16943.0,39678.0,14627.0,9186.0,5423.0,18.0,103780879.0,9955473.0,1322.0,695159.0,1688505.0,3506903.0,211705.0,17.788044421308346
CA-600,2018,51828.0,13862.0,38778.0,13050.0,9206.0,3800.0,44.0,108172061.0,9947799.0,1390.0,659518.0,1589956.0,3524321.0,218212.0,-4.561274284135896
CA-600,2019,58151.0,16183.0,43746.0,14405.0,11155.0,3135.0,115.0,123220645.0,9928773.0,1460.0,621763.0,1480446.0,3542800.0,226005.0,12.19996912865633
CA-600,2020,65740.0,25176.0,47672.0,18068.0,14326.0,3658.0,84.0,142941365.0,9884138.0,1534.0,596705.0,1401656.0,3559790.0,227286.0,13.050506440130016
CA-600,2021,17828.0,4343.0,0.0,17828.0,14511.0,3187.0,130.0,160921806.0,9861892.0,1653.0,603807.0,1366544.0,3578801.0,235990.0,-72.88104654700335
CA-600,2022,68407.0,28275.0,48165.0,20242.0,16779.0,3226.0,237.0,165401540.0,9782602.0,1805.0,613408.0,1343978.0,3599561.0,236468.0,283.70540722459054
CA-600,2023,74767.0,33348.0,54789.0,19978.0,16327.0,3170.0,481.0,233086536.0,9693427.0,1893.0,614018.0,1322476.0,3624084.0,233830.0,9.297294136564972
CA-600,2024,74577.0,31557.0,51964.0,22613.0,20161.0,2101.0,351.0,199151461.0,9656697.0,1954.0,630856.0,1326437.0,3650466.0,234017.0,-0.25412280819078203
CA-601,2014,8506.0,1245.0,3985.0,4521.0,1179.0,3291.0,51.0,13216192.0,3102463.0,1328.0,1026386.0,455855.0,1174901.0,91090.0,0.0
CA-601,2015,8742.0,1689.0,4156.0,4586.0,1493.0,3041.0,52.0,14409673.0,3143203.0,1344.0,222174.0,454876.0,1180806.0,86649.0,2.7745121090994695
CA-601,2016,8669.0,1417.0,4940.0,3729.0,1250.0,2427.0,52.0,15740302.0,3172544.0,1395.0,211503.0,444024.0,1187644.0,84516.0,-0.8350491878288735
CA-601,2017,9160.0,2176.0,5621.0,3539.0,1572.0,1925.0,42.0,16656887.0,3203134.0,1467.0,200367.0,427031.0,1195868.0,84129.0,5.663859730072662
CA-601,2018,8576.0,2171.0,4990.0,3586.0,1948.0,1574.0,64.0,18392972.0,3221497.0,1569.0,190745.0,403190.0,1204884.0,85904.0,-6.375545851528386
CA-601,2019,8102.0,1712.0,4476.0,3626.0,2004.0,1558.0,64.0,20069038.0,3234305.0,1658.0,175892.0,374787.0,1213891.0,88605.0,-5.5270522388059735
CA-601,2020,7638.0,1519.0,3971.0,3667.0,2307.0,1313.0,47.0,23876026.0,3239995.0,1732.0,166703.0,353841.0,1215528.0,84825.0,-5.726980992347563
CA-601,2021,4143.0,804.0,0.0,4143.0,2876.0,1242.0,25.0,28814796.0,3213232.0,1842.0,164639.0,344458.0,1221613.0,81714.0,-45.758051846032984
CA-601,2022,8427.0,1414.0,4106.0,4321.0,3036.0,1249.0,36.0,29250827.0,3204475.0,2011.0,165629.0,338752.0,1230349.0,81192.0,103.40333091962349
CA-601,2023,10264.0,3516.0,5171.0,5093.0,3895.0,1148.0,50.0,33008616.0,3193390.0,2154.0,162157.0,330602.0,1240607.0,80785.0,21.79897947074878
CA-601,2024,10605.0,3760.0,6110.0,4495.0,3177.0,1258.0,60.0,37066178.0,3198446.0,2246.0,164175.0,328769.0,1250641.0,79363.0,3.322291504286823
CA-602,2014,3833.0,814.0,1678.0,2155.0,851.0,1304.0,0.0,16398627.0,3049290.0,1522.0,911860.0,391705.0,1058466.0,56181.0,0.0
CA-602,2015,4452.0,580.0,2201.0,2251.0,925.0,1326.0,0.0,19313776.0,3078518.0,1548.0,169113.0,395483.0,1064642.0,55289.0,16.14923036785807
CA-602,2016,4319.0,716.0,2201.0,2118.0,943.0,1175.0,0.0,21439800.0,3094893.0,1608.0,168797.0,385556.0,1072121.0,55109.0,-2.9874213836478036
CA-602,2017,4792.0,893.0,2584.0,2208.0,1248.0,960.0,0.0,21703735.0,3118517.0,1693.0,165607.0,378459.0,1081701.0,56725.0,10.951609168789078
CA-602,2018,4955.0,1066.0,2584.0,2371.0,1435.0,936.0,0.0,22807570.0,3127012.0,1777.0,162077.0,359503.0,1091376.0,59003.0,3.4015025041736147
CA-602,2019,6860.0,2562.0,3961.0,2899.0,2011.0,888.0,0.0,22481690.0,3130730.0,1854.0,157284.0,340048.0,1100449.0,62957.0,38.4460141271443
CA-602,2020,6978.0,2810.0,3961.0,3017.0,2202.0,815.0,0.0,26143204.0,3133095.0,1928.0,149894.0,317682.0,1101244.0,61243.0,1.7201166180758065
CA-602,2021,2441.0,460.0,0.0,2441.0,1873.0,568.0,0.0,28994983.0,3145848.0,2057.0,154100.0,311294.0,1121753.0,64161.0,-65.01862997993695
CA-602,2022,5718.0,2463.0,3057.0,2661.0,2102.0,559.0,0.0,30789905.0,3137483.0,2248.0,157479.0,303810.0,1130658.0,64372.0,134.2482589102827
CA-602,2023,6050.0,2527.0,3057.0,2993.0,2439.0,554.0,0.0,31453663.0,3125637.0,2352.0,151347.0,296493.0,1138473.0,63819.0,5.806225953130473
CA-602,2024,7322.0,2477.0,4173.0,3149.0,2522.0,627.0,0.0,34301133.0,3126062.0,2434.0,154619.0,296883.0,1146169.0,63209.0,21.024793388429753
CA-604,2014,992.0,178.0,415.0,577.0,382.0,195.0,0.0,2777936.0,824972.0,887.0,396697.0,192972.0,287775.0,30038.0,0.0
CA-604,2015,954.0,167.0,409.0,545.0,361.0,184.0,0.0,3670561.0,834229.0,888.0,79438.0,195744.0,289529.0,29829.0,-3.8306451612903247
CA-604,2016,1067.0,272.0,506.0,561.0,385.0,176.0,0.0,4709687.0,839619.0,905.0,78176.0,194354.0,291292.0,28955.0,11.844863731656186
CA-604,2017,810.0,289.0,269.0,541.0,368.0,173.0,0.0,5389023.0,847040.0,933.0,80097.0,191123.0,293548.0,28555.0,-24.08622305529522
CA-604,2018,885.0,133.0,370.0,515.0,394.0,121.0,0.0,5463777.0,851826.0,956.0,79477.0,187232.0,295756.0,27843.0,9.259259259259256
CA-604,2019,1330.0,73.0,805.0,525.0,390.0,135.0,0.0,5841049.0,857145.0,978.0,77408.0,179980.0,298117.0,27835.0,50.28248587570621
CA-604,2020,1580.0,4.0,1004.0,576.0,378.0,198.0,0.0,5926586.0,861063.0,994.0,75627.0,175902.0,299179.0,25623.0,18.796992481203013
CA-604,2021,2150.0,1.0,1581.0,569.0,439.0,130.0,0.0,6121475.0,874826.0,1063.0,71728.0,169289.0,299810.0,25105.0,36.0759493670886
CA-604,2022,1603.0,345.0,728.0,875.0,644.0,231.0,0.0,6799242.0,881217.0,1161.0,68382.0,170013.0,301687.0,24188.0,-25.441860465116285
CA-604,2023,1948.0,505.0,1017.0,931.0,729.0,202.0,0.0,6811022.0,886335.0,1220.0,70855.0,168825.0,304481.0,23065.0,21.52214597629445
CA-604,2024,2669.0,788.0,1663.0,1006.0,848.0,158.0,0.0,7313231.0,891050.0,1300.0,73601.0,170301.0,306999.0,22068.0,37.01232032854209
CA-606,2014,37131.0,9952.0,24469.0,12662.0,6610.0,6013.0,39.0,81543099.0,9819397.0,1221.0,4014863.0,1805868.0,3462075.0,219684.0,0.0
CA-606,2015,43519.0,15126.0,30461.0,13058.0,7271.0,5738.0,49.0,91791588.0,9886133.0,1231.0,749361.0,1800265.0,3476718.0,213649.0,17.203953569793427
CA-606,2016,46104.0,14306.0,34294.0,11810.0,6415.0,5380.0,15.0,97287570.0,9906013.0,1264.0,727312.0,1764081.0,3490118.0,208273.0,5.939934281578152
CA-606,2017,54305.0,16943.0,39678.0,14627.0,9186.0,5423.0,18.0,103780879.0,9955473.0,1322.0,695159.0,1688505.0,3506903.0,211705.0,17.788044421308346
CA-606,2018,51828.0,13862.0,38778.0,13050.0,9206.0,3800.0,44.0,108172061.0,9947799.0,1390.0,659518.0,1589956.0,3524321.0,218212.0,-4.561274284135896
CA-606,2019,58151.0,16183.0,43746.0,14405.0,11155.0,3135.0,115.0,123220645.0,9928773.0,1460.0,621763.0,1480446.0,3542800.0,226005.0,12.19996912865633
CA-606,2020,65740.0,25176.0,47672.0,18068.0,14326.0,3658.0,84.0,142941365.0,9884138.0,1534.0,596705.0,1401656.0,3559790.0,227286.0,13.050506440130016
CA-606,2021,17828.0,4343.0,0.0,17828.0,14511.0,3187.0,130.0,160921806.0,9861892.0,1653.0,603807.0,1366544.0,3578801.0,235990.0,-72.88104654700335
CA-606,2022,68407.0,28275.0,48165.0,20242.0,16779.0,3226.0,237.0,165401540.0,9782602.0,1805.0,613408.0,1343978.0,3599561.0,236468.0,283.70540722459054
CA-606,2023,74767.0,33348.0,54789.0,19978.0,16327.0,3170.0,481.0,233086536.0,9693427.0,1893.0,614018.0,1322476.0,3624084.0,233830.0,9.297294136564972
CA-606,2024,74577.0,31557.0,51964.0,22613.0,20161.0,2101.0,351.0,199151461.0,9656697.0,1954.0,630856.0,1326437.0,3650466.0,234017.0,-0.25412280819078203
CA-608,2014,2945.0,1093.0,1888.0,1057.0,575.0,482.0,0.0,901154.0,2232372.0,1182.0,875051.0,376737.0,810426.0,120038.0,0.0
CA-608,2015,2372.0,532.0,1488.0,884.0,609.0,275.0,0.0,901154.0,2262800.0,1179.0,160922.0,379985.0,815322.0,116090.0,-19.456706281833615
CA-608,2016,2165.0,378.0,1351.0,814.0,557.0,257.0,0.0,0.0,2289086.0,1212.0,156548.0,376689.0,820300.0,114584.0,-8.726812816188867
CA-608,2017,2406.0,418.0,1638.0,768.0,587.0,181.0,0.0,0.0,2319994.0,1251.0,153673.0,362215.0,826704.0,114980.0,11.131639722863751
CA-608,2018,2316.0,474.0,1685.0,631.0,532.0,99.0,0.0,0.0,2347408.0,1311.0,146635.0,345724.0,833602.0,115253.0,-3.7406483790523692
CA-608,2019,2811.0,804.0,2045.0,766.0,723.0,43.0,0.0,0.0,2373706.0,1375.0,142580.0,325279.0,840501.0,115608.0,21.37305699481866
CA-608,2020,2884.0,1007.0,2155.0,729.0,670.0,59.0,0.0,10281317.0,2398354.0,1447.0,130036.0,300424.0,845066.0,108653.0,2.5969405905371667
CA-608,2021,998.0,195.0,0.0,998.0,950.0,48.0,0.0,11110969.0,2369118.0,1552.0,123664.0,283249.0,844425.0,103919.0,-65.39528432732315
CA-608,2022,3316.0,816.0,1980.0,1336.0,1111.0,225.0,0.0,13763437.0,2392682.0,1711.0,121393.0,272432.0,851646.0,101670.0,232.26452905811624
CA-608,2023,3725.0,921.0,2441.0,1284.0,1015.0,269.0,0.0,14224792.0,2413439.0,1814.0,121932.0,266955.0,860042.0,97808.0,12.334137515078414
CA-608,2024,4249.0,997.0,2441.0,1808.0,1426.0,382.0,0.0,15778955.0,2443638.0,1901.0,122275.0,259442.0,869414.0,94079.0,14.06711409395973
CA-609,2014,2315.0,551.0,1247.0,1068.0,454.0,614.0,0.0,6532563.0,2029255.0,1113.0,858653.0,389037.0,703737.0,96133.0,0.0
CA-609,2015,2149.0,564.0,1311.0,838.0,445.0,393.0,0.0,6588250.0,2041779.0,1116.0,178899.0,397766.0,705962.0,91637.0,-7.170626349892006
CA-609,2016,1887.0,405.0,1191.0,696.0,318.0,378.0,0.0,8810223.0,2050839.0,1144.0,174690.0,392195.0,708442.0,89520.0,-12.191717077710562
CA-609,2017,1866.0,441.0,1179.0,687.0,378.0,292.0,17.0,9752824.0,2062499.0,1182.0,163886.0,374810.0,711900.0,88258.0,-1.112877583465821
CA-609,2018,2118.0,423.0,1443.0,675.0,356.0,295.0,24.0,9815998.0,2075424.0,1230.0,156115.0,359080.0,716171.0,85538.0,13.5048231511254
CA-609,2019,2607.0,767.0,1920.0,687.0,440.0,230.0,17.0,9517467.0,2091206.0,1283.0,146657.0,333613.0,720757.0,84716.0,23.087818696883854
CA-609,2020,3125.0,760.0,2390.0,735.0,537.0,174.0,24.0,10622832.0,2107058.0,1338.0,134493.0,315656.0,721376.0,81286.0,19.86958189489836
CA-609,2021,905.0,57.0,0.0,905.0,559.0,326.0,20.0,11662078.0,2117955.0,1427.0,137333.0,302798.0,728674.0,76931.0,-71.03999999999999
CA-609,2022,3333.0,1115.0,2389.0,944.0,611.0,333.0,0.0,14825115.0,2135785.0,1584.0,136306.0,294246.0,733104.0,73176.0,268.28729281767954
CA-609,2023,4195.0,1437.0,2976.0,1219.0,772.0,447.0,0.0,14808627.0,2145516.0,1706.0,132580.0,291226.0,738535.0,70531.0,25.862586258625853
CA-609,2024,4255.0,1938.0,3055.0,1200.0,844.0,356.0,0.0,16961572.0,2156389.0,1801.0,131003.0,287814.0,743886.0,68971.0,1.4302741358760418
CA-611,2014,1428.0,440.0,910.0,518.0,240.0,268.0,10.0,835510.0,824329.0,1494.0,232553.0,91912.0,283047.0,15218.0,0.0
CA-611,2015,1417.0,523.0,957.0,460.0,304.0,145.0,11.0,846277.0,829904.0,1507.0,35756.0,91880.0,283899.0,14930.0,-0.770308123249297
CA-611,2016,1271.0,303.0,777.0,494.0,306.0,178.0,10.0,775154.0,831731.0,1572.0,32984.0,88486.0,284759.0,15421.0,-10.303458009880028
CA-611,2017,1152.0,385.0,664.0,488.0,283.0,195.0,10.0,775154.0,836494.0,1643.0,31611.0,85816.0,285997.0,15951.0,-9.36270653029111
CA-611,2018,1308.0,280.0,830.0,478.0,289.0,178.0,11.0,807037.0,836489.0,1705.0,31219.0,80058.0,287498.0,16272.0,13.541666666666675
CA-611,2019,1669.0,324.0,1258.0,411.0,230.0,170.0,11.0,939303.0,835220.0,1776.0,29452.0,74645.0,288896.0,17856.0,27.599388379204903
CA-611,2020,1787.0,429.0,1265.0,522.0,330.0,178.0,14.0,2258458.0,833203.0,1854.0,31382.0,74449.0,289425.0,17786.0,7.070101857399647
CA-611,2021,949.0,332.0,0.0,949.0,735.0,204.0,10.0,2504049.0,832745.0,1976.0,32913.0,73740.0,292220.0,17749.0,-46.89423614997202
CA-611,2022,2248.0,638.0,1356.0,892.0,727.0,155.0,10.0,3435065.0,830237.0,2140.0,35473.0,74315.0,293491.0,17838.0,136.8809272918862
CA-611,2023,2441.0,1112.0,1633.0,808.0,634.0,167.0,7.0,3434832.0,827580.0,2248.0,34746.0,74630.0,294651.0,16606.0,8.585409252669042
CA-611,2024,2358.0,1042.0,1431.0,927.0,689.0,229.0,9.0,3726301.0,827795.0,2317.0,36708.0,77301.0,295878.0,15518.0,-3.4002458009012693
CO-503,2014,6621.0,801.0,671.0,5950.0,2885.0,3042.0,23.0,10078380.0,466847.8333333333,1075.8333333333333,132306.0,58303.333333333336,194198.5,10513.166666666666,0.0
CO-503,2015,5335.0,842.0,745.0,4590.0,2349.0,2217.0,24.0,10899182.0,475945.1666666667,1119.3333333333333,25028.833333333332,57153.166666666664,196325.33333333334,9901.166666666666,-19.423047877964052
CO-503,2016,5728.0,739.0,797.0,4931.0,2918.0,1967.0,46.0,13775689.0,483981.1666666667,1181.3333333333333,24339.166666666668,55093.5,198553.83333333334,9442.166666666666,7.366447985004676
CO-503,2017,5506.0,1083.0,894.0,4612.0,2627.0,1960.0,25.0,13830184.0,491684.1666666667,1272.3333333333333,23765.333333333332,52663.5,201585.16666666666,9641.333333333334,-3.8756983240223475
CO-503,2018,5317.0,1596.0,1308.0,4009.0,2574.0,1413.0,22.0,14288563.0,500283.6666666667,1357.5,23097.5,49739.166666666664,204713.16666666666,9756.0,-3.4326189611333047
CO-503,2019,5755.0,1158.0,946.0,4809.0,3096.0,1678.0,35.0,18102409.0,506866.5,1440.5,22193.333333333332,46942.5,207992.0,9881.5,8.23772804212901
CO-503,2020,6104.0,1867.0,1561.0,4543.0,2911.0,1582.0,50.0,27901716.0,512930.0,1503.0,22177.666666666668,44594.833333333336,205271.16666666666,9471.333333333334,6.064291920069498
CO-503,2021,5530.0,1095.0,0.0,5530.0,4072.0,1426.0,32.0,29363312.0,514891.1666666667,1601.3333333333333,22357.166666666668,43938.0,216073.5,10377.166666666666,-9.403669724770648
CO-503,2022,6884.0,2573.0,2078.0,4806.0,3464.0,1314.0,28.0,30064554.0,518344.5,1747.0,23114.666666666668,44626.833333333336,220267.5,10491.0,24.484629294755877
CO-503,2023,10054.0,2964.0,2763.0,7291.0,5774.0,1471.0,46.0,30714291.0,521038.6666666667,1845.8333333333333,23252.333333333332,44871.333333333336,224145.33333333334,10841.5,46.048808832074386
CO-503,2024,14281.0,3336.0,2919.0,11362.0,9878.0,1443.0,41.0,32836361.0,524967.0,1920.5,24085.166666666668,45852.833333333336,227909.0,11226.833333333334,42.04296797294609
DC-500,2014,7748.0,2029.0,396.0,7352.0,5754.0,1598.0,0.0,15627163.0,599620.0,1302.0,191388.0,109378.0,300798.0,33383.0,0.0
DC-500,2015,7298.0,1790.0,544.0,6754.0,5085.0,1669.0,0.0,16104463.0,613291.0,1327.0,59893.0,110365.0,303312.0,29922.0,-5.8079504388229175
DC-500,2016,8350.0,1597.0,318.0,8032.0,6259.0,1773.0,0.0,18182957.0,624954.0,1362.0,61318.0,112060.0,306711.0,30165.0,14.414908194025756
DC-500,2017,7473.0,1881.0,897.0,6576.0,5363.0,1213.0,0.0,15685114.0,638362.0,1424.0,59838.0,111025.0,308161.0,30176.0,-10.502994011976053
DC-500,2018,6904.0,1781.0,600.0,6304.0,5095.0,1209.0,0.0,16671826.0,650912.0,1487.0,59892.0,109497.0,311545.0,30223.0,-7.61407734510906
DC-500,2019,6521.0,1688.0,608.0,5913.0,4679.0,1234.0,0.0,17439748.0,659676.0,1541.0,59446.0,107140.0,315176.0,30790.0,-5.5475086906141335
DC-500,2020,6380.0,1452.0,653.0,5727.0,4526.0,1201.0,0.0,22075117.0,669089.0,1607.0,58140.0,103391.0,319192.0,30885.0,-2.1622450544395044
DC-500,2021,5111.0,1703.0,681.0,4430.0,3352.0,1075.0,3.0,23608105.0,651618.0,1681.0,57169.0,100618.0,344306.0,34202.0,-19.89028213166144
DC-500,2022,4410.0,1305.0,690.0,3720.0,2754.0,959.0,7.0,25062775.0,649184.0,1817.0,57577.0,98039.0,350372.0,34587.0,-13.715515554685975
DC-500,2023,4922.0,1354.0,825.0,4097.0,3029.0,1060.0,8.0,27933554.0,647874.0,1900.0,54963.0,94140.0,356101.0,34545.0,11.609977324263031
DC-500,2024,5616.0,1416.0,900.0,4716.0,3308.0,1404.0,4.0,29711325.0,654224.0,1954.0,60272.0,101008.0,361014.0,36523.0,14.099959366111348
FL-507,2014,2254.0,125.0,266.0,1988.0,974.0,1014.0,0.0,5242911.0,628262.3333333334,1043.3333333333333,241713.33333333334,103310.66666666667,269894.3333333333,49242.666666666664,0.0
FL-507,2015,2112.0,212.0,292.0,1820.0,887.0,933.0,0.0,6008730.0,642775.6666666666,1053.0,45217.333333333336,107757.33333333333,272690.6666666667,46385.0,-6.299911268855373
FL-507,2016,1670.0,106.0,133.0,1537.0,826.0,711.0,0.0,6173099.0,657276.3333333334,1081.0,46097.333333333336,108457.66666666667,276361.0,44897.0,-20.928030303030297
FL-507,2017,2074.0,194.0,340.0,1734.0,950.0,784.0,0.0,6174024.0,674907.0,1127.0,45451.333333333336,106430.33333333333,281432.0,44905.0,24.19161676646706
FL-507,2018,2053.0,272.0,360.0,1693.0,1183.0,510.0,0.0,6189134.0,691689.6666666666,1182.0,43569.333333333336,104452.0,286337.0,44645.333333333336,-1.0125361620057838
FL-507,2019,2010.0,478.0,336.0,1674.0,1180.0,494.0,0.0,6586323.0,707666.0,1228.3333333333333,42715.666666666664,98648.66666666667,291854.6666666667,45683.333333333336,-2.0944958597174823
FL-507,2020,2007.0,489.0,459.0,1548.0,993.0,555.0,0.0,8740225.0,721427.0,1289.3333333333333,42181.333333333336,94581.0,297990.6666666667,46053.666666666664,-0.14925373134327957
FL-507,2021,1544.0,158.0,0.0,1544.0,1005.0,539.0,0.0,9530007.0,739612.0,1374.0,42014.333333333336,95474.66666666667,299269.6666666667,43823.333333333336,-23.069257598405578
FL-507,2022,2151.0,403.0,426.0,1725.0,1233.0,492.0,0.0,12004258.0,748215.6666666666,1545.0,42722.666666666664,94897.0,305609.6666666667,40715.666666666664,39.31347150259068
FL-507,2023,2258.0,464.0,587.0,1671.0,1127.0,544.0,0.0,12658442.0,758150.3333333334,1670.6666666666667,43127.666666666664,92098.0,312604.0,37381.333333333336,4.974430497443039
FL-507,2024,2776.0,719.0,1094.0,1682.0,1147.0,535.0,0.0,15058933.0,777796.6666666666,1768.0,45075.333333333336,94511.33333333333,319260.0,33320.666666666664,22.940655447298486
FL-600,2014,4156.0,732.0,840.0,3316.0,1965.0,1325.0,26.0,1158372.0,2557255.0,1098.0,1147843.0,524382.0,994596.0,161055.0,0.0
FL-600,2015,4152.0,526.0,1007.0,3145.0,1669.0,1450.0,26.0,1158372.0,2598562.0,1112.0,204680.0,530006.0,998833.0,156680.0,-0.09624639076034613
FL-600,2016,4235.0,472.0,982.0,3253.0,1963.0,1266.0,24.0,1220083.0,2622942.0,1143.0,202415.0,522143.0,1004835.0,151211.0,1.9990366088632028
FL-600,2017,3721.0,309.0,1011.0,2710.0,1928.0,755.0,27.0,1220083.0,2661803.0,1195.0,193357.0,505182.0,1008908.0,150619.0,-12.136953955135777
FL-600,2018,3516.0,384.0,1030.0,2486.0,1847.0,594.0,45.0,1253407.0,2676124.0,1257.0,186495.0,482656.0,1016653.0,146602.0,-5.509271701155605
FL-600,2019,3472.0,378.0,1008.0,2464.0,1830.0,597.0,37.0,1288063.0,2661642.0,1328.0,176672.0,455005.0,1024194.0,140822.0,-1.2514220705347023
FL-600,2020,3560.0,524.0,1020.0,2540.0,1998.0,515.0,27.0,32867600.0,2667927.0,1373.0,165847.0,427130.0,1032310.0,130110.0,2.5345622119815614
FL-600,2021,3224.0,553.0,892.0,2332.0,1927.0,393.0,12.0,35333463.0,2655101.0,1470.0,162290.0,416413.0,1064991.0,128640.0,-9.438202247191008
FL-600,2022,3276.0,762.0,970.0,2306.0,1908.0,382.0,16.0,41016810.0,2647752.0,1623.0,163637.0,403997.0,1075278.0,122598.0,1.6129032258064502
FL-600,2023,3657.0,939.0,1058.0,2599.0,2283.0,303.0,13.0,62774704.0,2644927.0,1731.0,161745.0,394945.0,1085414.0,120609.0,11.630036630036633
FL-600,2024,3800.0,1110.0,1033.0,2767.0,2410.0,343.0,14.0,46393709.0,2698120.0,1829.0,165801.0,397279.0,1094983.0,119572.0,3.9103089964451776
FL-601,2014,2766.0,525.0,879.0,1887.0,917.0,935.0,35.0,2227895.0,1800091.0,1179.0,637336.0,263443.0,812817.0,145239.0,0.0
FL-601,2015,2615.0,444.0,819.0,1796.0,874.0,888.0,34.0,2230187.0,1827525.0,1191.0,114959.0,265880.0,814454.0,144170.0,-5.459146782357194
FL-601,2016,2302.0,430.0,782.0,1520.0,813.0,673.0,34.0,2217875.0,1848230.0,1226.0,116553.0,265521.0,816886.0,143898.0,-11.969407265774379
FL-601,2017,2450.0,581.0,957.0,1493.0,886.0,572.0,35.0,2217875.0,1874096.0,1271.0,117916.0,262306.0,818382.0,142554.0,6.429192006950468
FL-601,2018,2318.0,439.0,869.0,1449.0,886.0,532.0,31.0,2159528.0,1892224.0,1332.0,114328.0,255214.0,821088.0,139000.0,-5.387755102040814
FL-601,2019,2803.0,914.0,1350.0,1453.0,896.0,524.0,33.0,2238589.0,1909208.0,1392.0,110904.0,249553.0,823499.0,133449.0,20.92320966350303
FL-601,2020,2211.0,654.0,984.0,1227.0,857.0,338.0,32.0,11362648.0,1925837.0,1433.0,109135.0,244839.0,826382.0,121440.0,-21.120228326792724
FL-601,2021,2561.0,208.0,1767.0,794.0,553.0,221.0,20.0,11813070.0,1918092.0,1503.0,109074.0,237367.0,854965.0,122501.0,15.829941203075526
FL-601,2022,2054.0,388.0,1228.0,826.0,516.0,278.0,32.0,12121768.0,1922902.0,1683.0,108410.0,238880.0,859621.0,117648.0,-19.796954314720814
FL-601,2023,2487.0,624.0,1624.0,863.0,644.0,187.0,32.0,12137896.0,1927838.0,1804.0,107791.0,235824.0,863128.0,113756.0,21.08081791626095
FL-601,2024,2469.0,713.0,1624.0,845.0,664.0,181.0,0.0,13541709.0,1958597.0,1907.0,113681.0,239716.0,866019.0,112063.0,-0.7237635705669487
GA-500,2014,4797.0,1341.0,1375.0,3422.0,1988.0,1434.0,0.0,6433810.0,184725.875,947.9375,62702.5,26979.9375,69176.0625,6740.9375,0.0
GA-500,2015,4317.0,781.0,1037.0,3280.0,1688.0,1592.0,0.0,6874945.0,187765.6875,949.8125,11662.0,27626.375,69617.5625,6285.75,-10.00625390869293
GA-500,2016,4063.0,556.0,838.0,3225.0,1782.0,1443.0,0.0,6715093.0,190788.0,973.25,11196.8125,26449.0625,70191.3125,5742.625,-5.883715543201296
GA-500,2017,3572.0,346.0,681.0,2891.0,1567.0,1324.0,0.0,6979344.0,194027.1875,1010.6875,10704.5,25117.4375,71191.6875,5360.0,-12.084666502584296
GA-500,2018,3076.0,335.0,740.0,2336.0,1146.0,1190.0,0.0,7244948.0,197441.4375,1051.9375,10265.125,23872.4375,72133.0625,5049.0625,-13.885778275475925
GA-500,2019,3217.0,376.0,719.0,2498.0,1656.0,842.0,0.0,7533177.0,200923.75,1098.375,9564.625,22624.75,73162.75,4835.25,4.583875162548767
GA-500,2020,3240.0,542.0,939.0,2301.0,1319.0,982.0,0.0,7701216.0,204366.8125,1137.3125,9178.625,21677.5625,74314.0625,4432.375,0.7149518184644155
GA-500,2021,1996.0,406.0,0.0,1996.0,1392.0,604.0,0.0,8669446.0,208473.8125,1214.6875,9542.875,21861.8125,76601.8125,4377.0625,-38.39506172839506
GA-500,2022,2017.0,495.0,653.0,1364.0,724.0,640.0,0.0,10043771.0,211823.75,1348.0625,9664.0625,21635.8125,78027.0625,4411.5,1.0521042084168375
GA-500,2023,2679.0,591.0,738.0,1941.0,1333.0,608.0,0.0,10055578.0,215167.0,1445.25,10095.1875,21799.5,79517.5,4427.625,32.82102131879028
GA-500,2024,2867.0,837.0,1040.0,1827.0,1223.0,604.0,0.0,13236404.0,218918.75,1547.0625,10547.25,22364.0625,80958.1875,4468.5,7.017543859649122
HI-501,2014,4712.0,734.0,1633.0,3079.0,881.0,2173.0,25.0,2529298.0,944550.0,1528.0,220114.0,92129.0,339830.0,29689.0,0.0
HI-501,2015,4903.0,868.0,1939.0,2964.0,995.0,1943.0,26.0,2478713.0,952784.0,1569.0,45929.0,92404.0,341239.0,31637.0,4.05348047538201
HI-501,2016,4940.0,1090.0,2173.0,2767.0,987.0,1754.0,26.0,2063430.0,955262.0,1587.0,44593.0,90359.0,342982.0,33434.0,0.7546400163165323
HI-501,2017,4959.0,1159.0,2324.0,2635.0,1058.0,1552.0,25.0,2559007.0,957763.0,1653.0,42277.0,86868.0,346374.0,34923.0,0.38461538461538325
HI-501,2018,4495.0,1117.0,2145.0,2350.0,1043.0,1307.0,0.0,3386533.0,955689.0,1703.0,40283.0,83359.0,348497.0,36972.0,-9.35672514619883
HI-501,2019,4417.0,1140.0,2403.0,2014.0,1114.0,900.0,0.0,9483399.0,953141.0,1745.0,39730.0,79070.0,350571.0,37776.0,-1.7352614015572865
HI-501,2020,4448.0,969.0,2346.0,2102.0,1297.0,760.0,45.0,10249234.0,947267.0,1779.0,39356.0,79799.0,352788.0,35860.0,0.7018338238623523
HI-501,2021,1854.0,321.0,0.0,1854.0,1186.0,640.0,28.0,10054187.0,982273.0,1870.0,42021.0,84447.0,367126.0,36733.0,-58.318345323741006
HI-501,2022,3945.0,808.0,2349.0,1596.0,963.0,598.0,35.0,14018071.0,979082.0,1976.0,43520.0,86612.0,369775.0,36075.0,112.78317152103558
HI-501,2023,4028.0,917.0,2365.0,1663.0,1116.0,505.0,42.0,14268617.0,972612.0,2054.0,45195.0,88808.0,372329.0,35268.0,2.1039290240811193
HI-501,2024,4497.0,1049.0,2766.0,1731.0,1151.0,545.0,35.0,15291984.0,969622.0,2083.0,47234.0,89493.0,374304.0,35436.0,11.643495531281033
IL-510,2014,7469.0,752.0,1110.0,6359.0,2332.0,3973.0,54.0,35352164.0,5145839.0,976.0,1867183.0,886261.0,2177033.0,239973.0,0.0
IL-510,2015,7681.0,1172.0,2165.0,5516.0,1970.0,3492.0,54.0,34812478.0,5152023.0,980.0,402173.0,879499.0,2176549.0,233590.0,2.8383987146873846
IL-510,2016,6841.0,471.0,1353.0,5488.0,1919.0,3507.0,62.0,37155520.0,5141824.0,999.0,390739.0,856682.0,2177342.0,225736.0,-10.936076031766696
IL-510,2017,6437.0,970.0,1653.0,4784.0,1811.0,2910.0,63.0,54699731.0,5151670.0,1044.0,376736.0,821572.0,2183987.0,227426.0,-5.905569361204499
IL-510,2018,6323.0,1105.0,1449.0,4874.0,3622.0,1187.0,65.0,57732674.0,5138012.0,1091.0,355271.0,778020.0,2188394.0,225324.0,-1.7710113406866568
IL-510,2019,6187.0,1331.0,1365.0,4822.0,3486.0,1275.0,61.0,59520174.0,5112701.0,1123.0,332188.0,734470.0,2193338.0,221230.0,-2.1508777479044783
IL-510,2020,6236.0,1695.0,1647.0,4589.0,3323.0,1212.0,54.0,76142315.0,5082060.0,1160.0,317488.0,695076.0,2198489.0,207015.0,0.7919831905608632
IL-510,2021,4769.0,815.0,702.0,4067.0,2891.0,1122.0,54.0,79527971.0,5179874.0,1214.0,326683.0,698319.0,2253936.0,209278.0,-23.524695317511224
IL-510,2022,4971.0,892.0,1362.0,3609.0,2537.0,1016.0,56.0,86039485.0,5142964.0,1318.0,330406.0,687906.0,2261319.0,195071.0,4.23568882365275
IL-510,2023,7195.0,865.0,1062.0,6133.0,4888.0,1197.0,48.0,143982011.0,5101747.0,1381.0,333051.0,680528.0,2270349.0,185771.0,44.739489036411186
IL-510,2024,20024.0,2903.0,1748.0,18276.0,16999.0,1225.0,52.0,95850191.0,5096183.0,1435.0,341480.0,687508.0,2276493.0,176263.0,178.30437804030578
MA-500,2014,5987.0,815.0,180.0,5807.0,4675.0,1108.0,24.0,0.0,705431.0,1279.0,269980.0,149227.0,316000.0,25369.0,0.0
MA-500,2015,6492.0,957.0,139.0,6353.0,5325.0,1006.0,22.0,0.0,715178.0,1298.0,76100.0,148278.0,321386.0,24714.0,8.434942375146148
MA-500,2016,6240.0,919.0,167.0,6073.0,5151.0,900.0,22.0,0.0,723544.0,1343.0,75124.0,145744.0,324390.0,24732.0,-3.8817005545286554
MA-500,2017,6135.0,769.0,186.0,5949.0,5337.0,561.0,51.0,0.0,736921.0,1419.0,73311.0,144661.0,328662.0,24986.0,-1.6826923076923128
MA-500,2018,6188.0,724.0,163.0,6025.0,5427.0,566.0,32.0,0.0,747962.0,1506.0,71797.0,144697.0,333238.0,25368.0,0.8638956805215869
MA-500,2019,6242.0,825.0,121.0,6121.0,5611.0,482.0,28.0,0.0,752973.0,1590.0,67389.0,136934.0,337251.0,27407.0,0.8726567550096931
MA-500,2020,6134.0,683.0,135.0,5999.0,5461.0,508.0,30.0,31723357.0,757069.0,1657.0,64875.0,131619.0,341231.0,28253.0,-1.7302146747837255
MA-500,2021,4548.0,605.0,170.0,4378.0,4014.0,293.0,71.0,38685686.0,748596.0,1761.0,65192.0,129207.0,346557.0,31365.0,-25.855885229866317
MA-500,2022,4439.0,513.0,119.0,4320.0,3962.0,291.0,67.0,38088660.0,745894.0,1953.0,64552.0,126977.0,350419.0,31112.0,-2.396657871591912
MA-500,2023,5202.0,741.0,169.0,5033.0,4738.0,260.0,35.0,59055477.0,740898.0,2069.0,62279.0,121929.0,353930.0,31746.0,17.188555981076824
MA-500,2024,5898.0,727.0,134.0,5764.0,5339.0,368.0,57.0,47706835.0,740754.0,2129.0,63900.0,119889.0,357290.0,30123.0,13.379469434832746
MA-504,2014,2690.0,520.0,35.0,2655.0,2424.0,224.0,7.0,0.0,452084.0,807.0,166910.0,79997.0,191992.0,14256.0,0.0
MA-504,2016,2385.0,170.0,35.0,2350.0,2162.0,188.0,0.0,0.0,453966.0,837.0,36149.0,80119.0,192032.0,14879.0,-11.338289962825277
MA-504,2017,2311.0,132.0,53.0,2258.0,2135.0,116.0,7.0,0.0,454651.0,866.0,33988.0,78315.0,193332.0,14401.0,-3.1027253668763133
MA-504,2018,3368.0,206.0,44.0,3324.0,3242.0,75.0,7.0,0.0,454525.0,885.0,33635.0,77830.0,193525.0,14482.0,45.73777585460839
MA-504,2019,2443.0,200.0,42.0,2401.0,2274.0,120.0,7.0,0.0,453636.0,906.0,32717.0,74362.0,193586.0,14163.0,-27.464370546318296
MA-504,2020,2257.0,139.0,104.0,2153.0,2031.0,116.0,6.0,4229898.0,452156.0,920.0,30119.0,71113.0,193713.0,13221.0,-7.613589848546864
MA-504,2021,2248.0,109.0,30.0,2218.0,2086.0,125.0,7.0,4405674.0,452068.0,975.0,30815.0,71736.0,196596.0,13287.0,-0.3987594151528606
MA-504,2022,2294.0,245.0,111.0,2183.0,2067.0,108.0,8.0,6470022.0,451890.0,1051.0,30434.0,71252.0,196957.0,13577.0,2.0462633451957313
MA-504,2023,2683.0,375.0,115.0,2568.0,2456.0,104.0,8.0,6923576.0,450453.0,1105.0,31765.0,70787.0,197210.0,12993.0,16.957279860505658
MA-504,2024,3018.0,382.0,177.0,2841.0,2706.0,128.0,7.0,7534592.0,450512.0,1136.0,34041.0,73610.0,197591.0,13120.0,12.486023108460675
ME-500,2014,2726.0,244.0,93.0,2633.0,1107.0,1515.0,11.0,1389621.0,151661.33333333334,756.0,48499.833333333336,20367.0,78313.33333333333,13743.666666666666,0.0
ME-500,2015,2372.0,217.0,59.0,2313.0,1085.0,1215.0,13.0,1229415.0,151792.5,758.6666666666666,7931.166666666667,20276.666666666668,78486.0,13874.5,-12.986060161408652
ME-500,2016,2241.0,217.0,120.0,2121.0,1060.0,1049.0,12.0,1734972.0,152096.5,771.6666666666666,7733.666666666667,19646.666666666668,78663.66666666667,14051.333333333334,-5.522765598650925
ME-500,2017,2280.0,201.0,180.0,2100.0,993.0,1092.0,15.0,1260386.0,152279.5,791.3333333333334,7585.0,18851.666666666668,79621.33333333333,14597.833333333334,1.7402945113788482
ME-500,2018,2516.0,215.0,98.0,2418.0,1012.0,1391.0,15.0,2577178.0,152669.5,811.1666666666666,7387.5,17978.333333333332,80048.83333333333,14612.0,10.350877192982466
ME-500,2019,2106.0,226.0,95.0,2011.0,1105.0,891.0,15.0,2684489.0,153023.33333333334,836.5,6582.5,16678.0,80507.83333333333,14613.666666666666,-16.295707472178055
ME-500,2020,2097.0,248.0,141.0,1956.0,1000.0,941.0,15.0,13792998.0,153704.83333333334,862.5,6187.333333333333,15676.166666666666,81008.33333333333,14111.333333333334,-0.42735042735042583
ME-500,2021,2063.0,298.0,0.0,2063.0,1082.0,966.0,15.0,14625379.0,156248.0,914.1666666666666,6552.666666666667,15930.0,80904.33333333333,13542.166666666666,-1.6213638531235142
ME-500,2022,4411.0,679.0,164.0,4247.0,3276.0,956.0,15.0,16062697.0,157249.83333333334,997.3333333333334,6722.166666666667,15938.666666666666,81464.83333333333,13166.666666666666,113.81483276781385
ME-500,2023,4258.0,370.0,299.0,3959.0,3153.0,791.0,15.0,19013800.0,158306.83333333334,1063.6666666666667,7043.333333333333,15947.0,82093.83333333333,12881.5,-3.4686012242121977
ME-500,2024,2702.0,494.0,273.0,2429.0,1682.0,732.0,15.0,20850852.0,159512.83333333334,1125.8333333333333,7521.833333333333,16409.833333333332,82750.33333333333,12750.5,-36.54297792390794
MN-500,2014,3731.0,576.0,210.0,3521.0,2510.0,1011.0,0.0,8351971.0,1162078.0,934.0,317550.0,150167.0,514913.0,30045.0,0.0
MN-500,2015,3215.0,637.0,123.0,3092.0,1733.0,1359.0,0.0,9103889.0,1175446.0,951.0,65860.0,146382.0,518332.0,28136.0,-13.830072366657731
MN-500,2016,3056.0,390.0,170.0,2886.0,1657.0,1229.0,0.0,9770098.0,1186944.0,982.0,64277.0,141453.0,520683.0,26851.0,-4.945567651632965
MN-500,2017,3057.0,342.0,298.0,2759.0,1657.0,1102.0,0.0,9721144.0,1201969.0,1031.0,63224.0,138478.0,525186.0,26082.0,0.03272251308901186
MN-500,2018,3013.0,490.0,404.0,2609.0,1884.0,709.0,16.0,10243738.0,1212940.0,1085.0,61798.0,133772.0,529475.0,25999.0,-1.439319594373567
MN-500,2019,3400.0,758.0,603.0,2797.0,2126.0,655.0,16.0,10851846.0,1223987.0,1135.0,59483.0,127872.0,533880.0,25850.0,12.844341188184538
MN-500,2020,3049.0,711.0,642.0,2407.0,1796.0,611.0,0.0,13516105.0,1234027.0,1176.0,60065.0,125264.0,539223.0,25331.0,-10.32352941176471
MN-500,2021,2369.0,639.0,0.0,2369.0,1796.0,573.0,0.0,13733686.0,1249220.0,1244.0,58840.0,123469.0,550254.0,26726.0,-22.302394227615608
MN-500,2022,2678.0,580.0,487.0,2191.0,1645.0,546.0,0.0,14366990.0,1248688.0,1373.0,58346.0,122904.0,556973.0,27944.0,13.043478260869556
MN-500,2023,3312.0,738.0,469.0,2843.0,2422.0,421.0,0.0,14523473.0,1245699.0,1439.0,58474.0,124654.0,564441.0,29868.0,23.674383868558625
MN-500,2024,3866.0,643.0,496.0,3370.0,2953.0,417.0,0.0,17941640.0,1245143.0,1487.0,59740.0,123902.0,571527.0,32034.0,16.727053140096615
NJ-504,2014,1483.0,174.0,223.0,1260.0,879.0,375.0,6.0,2705814.0,770490.0,1069.0,269105.0,132420.0,313452.0,35707.0,0.0
NJ-504,2015,1610.0,152.0,162.0,1448.0,924.0,524.0,0.0,3510563.0,772698.0,1068.0,60168.0,133788.0,313824.0,35739.0,8.563722184760625
NJ-504,2016,1779.0,97.0,443.0,1336.0,877.0,459.0,0.0,3188377.0,773466.0,1077.0,60093.0,132940.0,314384.0,34904.0,10.496894409937884
NJ-504,2017,2048.0,181.0,428.0,1620.0,1135.0,485.0,0.0,3779292.0,781279.0,1107.0,57887.0,130583.0,315186.0,34859.0,15.120854412591346
NJ-504,2018,2228.0,250.0,396.0,1832.0,1337.0,495.0,0.0,3763457.0,774125.0,1143.0,55736.0,127250.0,316136.0,33634.0,8.7890625
NJ-504,2019,2235.0,271.0,338.0,1897.0,1378.0,519.0,0.0,4608395.0,775667.0,1178.0,56004.0,122569.0,317314.0,31406.0,0.31418312387792025
NJ-504,2020,2209.0,313.0,413.0,1796.0,1258.0,538.0,0.0,6376138.0,778844.0,1211.0,55830.0,119131.0,318385.0,27705.0,-1.1633109619686777
NJ-504,2021,1888.0,172.0,91.0,1797.0,1371.0,426.0,0.0,6992985.0,831578.0,1279.0,61364.0,126984.0,332311.0,24698.0,-14.53146220009054
NJ-504,2022,1914.0,254.0,149.0,1765.0,1305.0,460.0,0.0,6727557.0,832973.0,1404.0,62249.0,125228.0,334136.0,21194.0,1.3771186440677985
NJ-504,2023,1594.0,186.0,125.0,1469.0,1119.0,350.0,0.0,6624627.0,834461.0,1459.0,62837.0,125419.0,335550.0,18077.0,-16.718913270637405
NJ-504,2024,2451.0,251.0,284.0,2167.0,1761.0,406.0,0.0,7409741.0,843895.0,1531.0,63515.0,123563.0,336962.0,17174.0,53.76411543287327
NM-500,2014,1254.0,200.0,144.0,1110.0,614.0,496.0,0.0,2196226.0,662981.0,800.0,258786.0,123244.0,286270.0,22551.0,0.0
NM-500,2015,1287.0,260.0,183.0,1104.0,659.0,445.0,0.0,2410090.0,665269.0,799.0,55000.0,128917.0,287054.0,23784.0,2.6315789473684292
NM-500,2016,1222.0,255.0,183.0,1039.0,674.0,365.0,0.0,2360749.0,666214.0,816.0,52064.0,124678.0,288016.0,25496.0,-5.05050505050505
NM-500,2017,1318.0,379.0,384.0,934.0,706.0,228.0,0.0,2460749.0,666721.0,834.0,51324.0,119697.0,291099.0,27548.0,7.855973813420625
NM-500,2018,1340.0,421.0,384.0,956.0,711.0,245.0,0.0,2352430.0,669414.0,857.0,51039.0,116628.0,292439.0,26782.0,1.6691957511380862
NM-500,2019,1524.0,590.0,567.0,957.0,735.0,222.0,0.0,2344393.0,669297.0,874.0,49062.0,111693.0,293787.0,26088.0,13.731343283582099
NM-500,2020,1586.0,553.0,567.0,1019.0,808.0,211.0,0.0,5567279.0,670607.0,892.0,50232.0,106645.0,295111.0,22583.0,4.0682414698162805
NM-500,2021,1567.0,516.0,413.0,1154.0,940.0,214.0,0.0,5828695.0,667031.0,934.0,51873.0,107335.0,298213.0,20560.0,-1.1979823455233296
NM-500,2022,1277.0,464.0,163.0,1114.0,940.0,174.0,0.0,6068865.0,666186.0,1017.0,52253.0,109353.0,299693.0,18598.0,-18.506700701978307
NM-500,2023,2394.0,1133.0,977.0,1417.0,1125.0,292.0,0.0,6054608.0,665828.0,1087.0,50679.0,105164.0,301278.0,17669.0,87.47063429913862
NM-500,2024,2740.0,1280.0,1231.0,1509.0,1289.0,220.0,0.0,6396639.0,664935.0,1144.0,50967.0,100842.0,302746.0,17251.0,14.452798663324984
NV-500,2014,7443.0,460.0,3494.0,3949.0,3145.0,794.0,10.0,7433611.0,1979101.0,1009.0,734166.0,311679.0,851131.0,135716.0,0.0
NV-500,2015,7509.0,458.0,3916.0,3593.0,2719.0,859.0,15.0,8352769.0,2010481.0,999.0,142620.0,315358.0,857131.0,132685.0,0.886739218057242
NV-500,2016,6208.0,285.0,3731.0,2477.0,1810.0,642.0,25.0,7365543.0,2043746.0,1013.0,138899.0,307146.0,864164.0,128689.0,-17.325875615927554
NV-500,2017,6490.0,446.0,4353.0,2137.0,1635.0,482.0,20.0,7464354.0,2085154.0,1048.0,141659.0,304449.0,877617.0,127759.0,4.542525773195871
NV-500,2018,6083.0,505.0,3884.0,2199.0,1659.0,524.0,16.0,7268517.0,2114421.0,1088.0,139394.0,299169.0,888556.0,120602.0,-6.271186440677967
NV-500,2019,5530.0,622.0,3317.0,2213.0,1670.0,524.0,19.0,7836705.0,2154251.0,1132.0,136286.0,295030.0,899870.0,116346.0,-9.090909090909093
NV-500,2020,5283.0,1131.0,3461.0,1822.0,1273.0,542.0,7.0,13540428.0,2202490.0,1181.0,136653.0,294149.0,912465.0,103439.0,-4.466546112115733
NV-500,2021,5083.0,1673.0,2794.0,2289.0,1779.0,510.0,0.0,14901170.0,2205977.0,1257.0,143696.0,300063.0,910667.0,94371.0,-3.7857278061707356
NV-500,2022,5645.0,2363.0,2867.0,2778.0,2229.0,549.0,0.0,15607116.0,2242185.0,1406.0,145128.0,299459.0,923275.0,90908.0,11.056462718866822
NV-500,2023,6566.0,1866.0,3912.0,2654.0,2104.0,550.0,0.0,31016994.0,2270530.0,1518.0,149386.0,299896.0,935960.0,88582.0,16.31532329495129
NV-500,2024,7906.0,2709.0,4202.0,3704.0,3163.0,541.0,0.0,17664815.0,2307841.0,1626.0,151814.0,300884.0,948995.0,86477.0,20.408163265306122
NY-600,2014,67810.0,5873.0,3357.0,64453.0,59127.0,5185.0,141.0,61029562.0,1643981.2,1251.2,665464.8,339278.8,681586.4,62400.2,0.0
NY-600,2015,75323.0,5830.0,3183.0,72140.0,67378.0,4624.0,138.0,62131893.0,1658439.6,1268.8,147777.8,342174.4,684445.0,61738.0,11.07948680135673
NY-600,2016,73523.0,4294.0,2838.0,70685.0,66800.0,3749.0,136.0,62090103.0,1665171.8,1305.4,145974.4,337951.8,687216.8,61567.6,-2.3897083228230476
NY-600,2017,76501.0,5755.0,3936.0,72565.0,69605.0,2923.0,37.0,63475738.0,1684401.2,1349.4,142236.6,329657.6,691023.4,62542.4,4.05043319777485
NY-600,2018,78676.0,6336.0,3711.0,74965.0,72187.0,2742.0,36.0,61577685.0,1660963.2,1406.8,136727.0,314150.8,694470.8,63650.2,2.8431000901949055
NY-600,2019,78604.0,6226.0,3622.0,74982.0,72123.0,2819.0,40.0,66399715.0,1655664.4,1456.0,130642.6,297156.8,698845.6,65438.8,-0.09151456606842912
NY-600,2020,77943.0,6460.0,3904.0,74039.0,70875.0,3125.0,39.0,124630884.0,1647746.6,1505.0,126045.4,284646.0,703919.0,65580.8,-0.8409241259986766
NY-600,2021,68358.0,6621.0,2383.0,65975.0,63213.0,2723.0,39.0,138857731.0,1719093.0,1582.6,132926.8,291477.8,718199.0,68067.6,-12.297448135175703
NY-600,2022,61840.0,5529.0,3455.0,58385.0,55677.0,2669.0,39.0,144669725.0,1697395.0,1717.8,137717.2,291921.6,724154.8,67594.0,-9.535094648760934
NY-600,2023,88025.0,4891.0,4085.0,83940.0,81108.0,2793.0,39.0,207604597.0,1675702.8,1791.2,139212.6,290864.0,729979.2,67316.0,42.34314359637774
NY-600,2024,140134.0,4280.0,4397.0,135737.0,132892.0,2808.0,37.0,167552940.0,1669020.8,1835.4,146433.0,298875.8,735697.2,68879.6,59.19795512638455
NY-603,2014,3207.0,367.0,64.0,3143.0,2553.0,590.0,0.0,7905133.0,1400974.0,1539.0,242201.5,92023.5,518871.5,49525.5,0.0
NY-603,2015,3861.0,200.0,105.0,3756.0,3207.0,549.0,0.0,8771340.0,1403291.0,1561.0,41392.5,92707.5,518725.0,51480.5,20.392890551917688
NY-603,2016,3960.0,174.0,115.0,3845.0,3324.0,521.0,0.0,7920759.0,1402523.5,1596.0,42556.0,93390.5,518795.5,53801.5,2.564102564102555
NY-603,2017,3937.0,141.0,64.0,3873.0,3675.0,198.0,0.0,9313953.0,1406060.0,1654.5,42597.0,92089.5,522686.5,55954.5,-0.5808080808080818
NY-603,2018,3868.0,117.0,52.0,3816.0,3646.0,152.0,18.0,11130356.0,1398614.0,1718.0,42931.5,90174.0,523498.5,56749.5,-1.7526035052070066
NY-603,2019,3843.0,109.0,46.0,3797.0,3584.0,180.0,33.0,12635476.0,1396805.5,1757.0,41027.0,87212.0,524266.0,56127.0,-0.6463288521199595
NY-603,2020,3807.0,99.0,54.0,3753.0,3540.0,187.0,26.0,12225380.0,1395630.0,1820.5,41082.0,83101.0,525021.0,52204.0,-0.936768149882905
NY-603,2021,3050.0,46.0,138.0,2912.0,2838.0,54.0,20.0,14335319.0,1433767.5,1917.5,44297.5,87025.5,527036.5,47466.5,-19.884423430522723
NY-603,2022,3034.0,72.0,75.0,2959.0,2852.0,92.0,15.0,15328548.0,1434248.5,2122.0,44009.0,85536.0,527979.5,45251.0,-0.5245901639344241
NY-603,2023,3536.0,111.0,199.0,3337.0,3231.0,90.0,16.0,15729385.0,1433634.0,2192.5,44013.5,84131.0,528825.0,44647.0,16.545814106789724
NY-603,2024,4002.0,217.0,209.0,3793.0,3716.0,62.0,15.0,17349161.0,1436649.5,2253.5,45826.0,85392.5,529908.0,44542.5,13.178733031674206
OH-503,2014,1614.0,257.0,233.0,1381.0,1251.0,130.0,0.0,9803787.0,414610.0,825.25,132419.0,63821.25,182490.25,17880.5,0.0
OH-503,2015,1721.0,207.0,198.0,1523.0,1386.0,137.0,0.0,11061640.0,505569.0,865.6666666666666,36913.333333333336,77272.33333333333,221615.33333333334,21073.333333333332,6.629491945477084
OH-503,2016,1724.0,160.0,339.0,1385.0,1244.0,141.0,0.0,11753431.0,425611.0,859.0,29677.75,62511.0,184968.0,16286.5,0.17431725740848503
OH-503,2017,1691.0,229.0,340.0,1351.0,1229.0,122.0,0.0,11968018.0,432293.5,883.0,28581.5,61967.25,186861.0,15855.75,-1.9141531322505845
OH-503,2018,1807.0,137.0,288.0,1519.0,1427.0,92.0,0.0,12018118.0,439332.5,920.0,28233.5,61282.5,188459.5,15180.75,6.85984624482554
OH-503,2019,1907.0,97.0,382.0,1525.0,1447.0,78.0,0.0,13763737.0,444737.75,940.5,26779.75,59790.0,190059.5,14608.0,5.534034311012737
OH-503,2020,2036.0,177.0,433.0,1603.0,1466.0,137.0,0.0,15093005.0,450038.5,971.0,25826.5,58125.0,191702.75,13629.0,6.764551651809114
OH-503,2021,1365.0,39.0,0.0,1365.0,1210.0,155.0,0.0,19313798.0,454911.25,1032.25,25808.0,56861.5,197801.0,13340.75,-32.95677799607073
OH-503,2022,1912.0,132.0,342.0,1570.0,1426.0,144.0,0.0,19440623.0,458605.75,1127.25,25877.5,56971.75,200074.25,13378.25,40.073260073260066
OH-503,2023,2337.0,155.0,498.0,1839.0,1688.0,151.0,0.0,20557392.0,461172.5,1194.75,26388.25,57409.25,202381.25,13216.0,22.228033472803354
OH-503,2024,2380.0,224.0,514.0,1866.0,1748.0,118.0,0.0,24089917.0,466185.5,1261.0,27576.5,58254.5,204761.75,13671.0,1.839965768078744
OR-500,2014,1767.0,412.0,1102.0,665.0,338.0,327.0,0.0,2759245.0,347686.0,857.0,146617.0,70817.0,156815.0,11188.0,0.0
OR-500,2015,1473.0,697.0,716.0,757.0,656.0,101.0,0.0,2759198.0,349874.0,866.0,34840.0,70308.0,157510.0,11275.0,-16.6383701188455
OR-500,2016,1451.0,574.0,934.0,517.0,405.0,112.0,0.0,3361210.0,352773.0,885.0,33508.0,69588.0,158237.0,11545.0,-1.4935505770536373
OR-500,2017,1529.0,640.0,1003.0,526.0,442.0,84.0,0.0,3377840.0,356017.0,921.0,31848.0,66941.0,160440.0,11688.0,5.375603032391463
OR-500,2018,1641.0,712.0,1134.0,507.0,412.0,95.0,0.0,3461909.0,361327.0,954.0,31352.0,67022.0,161531.0,10751.0,7.3250490516677536
OR-500,2019,2165.0,841.0,1633.0,532.0,426.0,106.0,0.0,3608512.0,365808.0,989.0,30375.0,64457.0,162611.0,10299.0,31.931748933577087
OR-500,2020,1606.0,545.0,1037.0,569.0,455.0,114.0,0.0,3735118.0,370192.0,1037.0,30018.0,63585.0,163617.0,9101.0,-25.81986143187067
OR-500,2021,2317.0,1031.0,1990.0,327.0,282.0,45.0,0.0,4043991.0,372681.0,1093.0,29777.0,61337.0,165271.0,8088.0,44.27148194271482
OR-500,2022,2880.0,1293.0,2105.0,775.0,697.0,78.0,0.0,4135613.0,373861.0,1210.0,30241.0,60298.0,166750.0,8129.0,24.29866206301252
OR-500,2023,2824.0,1170.0,2110.0,714.0,640.0,74.0,0.0,4138087.0,374196.0,1287.0,29387.0,57161.0,168316.0,8807.0,-1.9444444444444486
OR-500,2024,3085.0,1500.0,2096.0,989.0,920.0,69.0,0.0,6688364.0,375499.0,1355.0,29450.0,57613.0,169788.0,9343.0,9.242209631728038
OR-501,2014,3927.0,1102.0,1895.0,2032.0,679.0,1353.0,0.0,10005514.0,742445.0,941.0,275326.0,137391.0,326952.0,18357.0,0.0
OR-501,2015,3801.0,1033.0,1887.0,1914.0,872.0,1042.0,0.0,12150897.0,753294.0,964.0,62644.0,136472.0,329504.0,18835.0,-3.208556149732622
OR-501,2016,3914.0,1053.0,1887.0,2027.0,1237.0,790.0,0.0,15349261.0,762945.0,1013.0,61694.0,130564.0,332417.0,19236.0,2.9729018679294894
OR-501,2017,4177.0,1290.0,1668.0,2509.0,1752.0,757.0,0.0,18805283.0,773432.0,1094.0,59250.0,126836.0,337821.0,19648.0,6.719468574348486
OR-501,2018,4019.0,1384.0,1668.0,2351.0,1804.0,547.0,0.0,20178563.0,783909.0,1172.0,55125.0,118644.0,342746.0,20778.0,-3.7826191046205437
OR-501,2019,4015.0,1781.0,2037.0,1978.0,1459.0,519.0,0.0,21355068.0,790194.0,1237.0,50099.0,108947.0,348029.0,21800.0,-0.09952724558347503
OR-501,2020,4173.0,1837.0,2037.0,2136.0,1511.0,625.0,0.0,25584408.0,795408.0,1309.0,50107.0,104861.0,353735.0,18886.0,3.9352428393524264
OR-501,2021,1780.0,491.0,0.0,1780.0,1217.0,563.0,0.0,27951569.0,795930.0,1394.0,47581.0,100997.0,358675.0,19447.0,-57.34483584950875
OR-501,2022,5228.0,3120.0,3057.0,2171.0,1485.0,686.0,0.0,28599693.0,793847.0,1515.0,47478.0,96850.0,363661.0,20291.0,193.70786516853934
OR-501,2023,6297.0,2610.0,3944.0,2353.0,1821.0,532.0,0.0,39380509.0,789721.0,1582.0,47148.0,98908.0,367704.0,20312.0,20.44758990053557
OR-501,2024,7384.0,2974.0,3944.0,3440.0,2745.0,695.0,0.0,35085070.0,787098.0,1646.0,49062.0,99068.0,371179.0,21376.0,17.262188343655716
PA-500,2014,5738.0,702.0,361.0,5377.0,3642.0,1622.0,113.0,18620851.0,1503859.0,915.0,733468.0,401219.0,669642.0,89345.0,0.0
PA-500,2015,5998.0,829.0,670.0,5328.0,3558.0,1661.0,109.0,18810812.0,1512394.0,922.0,184914.0,399352.0,670229.0,89179.0,4.531195538515154
PA-500,2016,6112.0,853.0,705.0,5407.0,3656.0,1674.0,77.0,18041923.0,1517069.0,943.0,183208.0,392356.0,671125.0,88531.0,1.9006335445148403
PA-500,2017,5693.0,898.0,956.0,4737.0,3275.0,1378.0,84.0,16670952.0,1526582.0,970.0,190718.0,393924.0,679876.0,88596.0,-6.855366492146597
PA-500,2018,5788.0,943.0,1083.0,4705.0,3420.0,1050.0,235.0,16008744.0,1532157.0,1007.0,178820.0,380873.0,682893.0,88115.0,1.6687159669769969
PA-500,2019,5735.0,1304.0,973.0,4762.0,3565.0,950.0,247.0,15341984.0,1535277.0,1042.0,175697.0,373727.0,685956.0,84619.0,-0.9156876295784433
PA-500,2020,5634.0,1145.0,958.0,4676.0,3650.0,758.0,268.0,33751218.0,1538102.0,1084.0,166036.0,354832.0,689121.0,75996.0,-1.7611159546643385
PA-500,2021,4302.0,933.0,700.0,3602.0,2715.0,678.0,209.0,35598858.0,1554202.0,1149.0,170253.0,354643.0,720688.0,74080.0,-23.64217252396166
PA-500,2022,4489.0,1060.0,788.0,3701.0,2886.0,621.0,194.0,36383406.0,1548400.0,1250.0,168652.0,351811.0,730630.0,71501.0,4.346815434681539
PA-500,2023,4725.0,1055.0,706.0,4019.0,3335.0,474.0,210.0,37499176.0,1538247.0,1323.0,164145.0,338466.0,739725.0,70503.0,5.257295611494772
PA-500,2024,5191.0,1080.0,976.0,4215.0,3487.0,509.0,219.0,40128936.0,1535671.0,1397.0,156143.0,327969.0,748270.0,68842.0,9.86243386243386
PA-509,2014,2021.0,139.0,235.0,1786.0,861.0,925.0,0.0,5334439.0,141061.06666666668,759.0,44989.066666666666,18567.466666666667,64012.933333333334,7565.466666666666,0.0
PA-509,2015,2410.0,164.0,416.0,1994.0,1029.0,965.0,0.0,5374551.0,126482.5,751.6428571428571,7518.214285714285,16425.14285714286,58442.78571428572,7548.714285714285,19.247897080653132
PA-509,2016,2599.0,159.0,603.0,1996.0,1061.0,935.0,0.0,10317795.0,141216.53333333333,783.2666666666667,8166.266666666666,18253.733333333334,64164.53333333333,7696.933333333333,7.8423236514522765
PA-509,2017,2170.0,156.0,405.0,1765.0,1004.0,761.0,0.0,10600144.0,141076.06666666668,802.8666666666667,8168.733333333334,17950.4,64853.4,7884.733333333334,-16.506348595613694
PA-509,2018,1998.0,91.0,346.0,1652.0,1032.0,620.0,0.0,11411792.0,141075.2,827.0666666666667,8058.4,17611.933333333334,65055.666666666664,8030.933333333333,-7.926267281105992
PA-509,2019,1843.0,142.0,337.0,1506.0,1061.0,445.0,0.0,11947388.0,141126.0,846.6666666666666,7791.2,17185.466666666667,65245.13333333333,8081.466666666666,-7.757757757757755
PA-509,2020,2032.0,117.0,366.0,1666.0,1147.0,519.0,0.0,14065097.0,141346.26666666666,864.2666666666667,7697.0,16989.0,65450.46666666667,7652.533333333334,10.255018990775898
PA-509,2021,1396.0,57.0,0.0,1396.0,957.0,439.0,0.0,14491899.0,142699.86666666667,901.2,7703.2,16857.6,64969.26666666667,7423.4,-31.299212598425196
PA-509,2022,2290.0,154.0,314.0,1976.0,1586.0,390.0,0.0,17438185.0,142838.0,972.4,7691.666666666667,16866.2,65153.86666666667,7244.8,64.0401146131805
PA-509,2023,2024.0,272.0,287.0,1737.0,1301.0,436.0,0.0,23445945.0,142765.86666666667,1012.7333333333333,7583.8,16599.8,65352.066666666666,6929.6,-11.615720524017469
PA-509,2024,2262.0,226.0,492.0,1770.0,1362.0,408.0,0.0,23780281.0,143087.86666666667,1042.8666666666666,7585.933333333333,16418.733333333334,65580.06666666667,6667.6,11.758893280632421
RI-500,2014,1190.0,204.0,20.0,1170.0,803.0,345.0,22.0,0.0,241633.75,1009.75,75229.25,35216.75,110526.75,12926.25,0.0
RI-500,2015,1111.0,130.0,36.0,1075.0,743.0,332.0,0.0,0.0,241893.5,1005.75,15472.25,35206.75,110524.75,12696.75,-6.638655462184873
RI-500,2016,1160.0,144.0,37.0,1123.0,822.0,301.0,0.0,0.0,242033.0,1020.75,14785.5,34228.75,110467.75,12732.5,4.410441044104418
RI-500,2017,1180.0,240.0,69.0,1111.0,807.0,304.0,0.0,551157.0,242620.5,1047.0,14027.0,33230.75,111426.5,13299.75,1.724137931034475
RI-500,2018,1101.0,264.0,51.0,1050.0,739.0,311.0,0.0,2154584.0,242713.25,1076.0,13658.5,32405.75,111605.25,13772.25,-6.694915254237288
RI-500,2019,1055.0,198.0,71.0,984.0,743.0,241.0,0.0,3989330.0,242866.5,1116.0,12698.75,30617.25,111820.5,14002.5,-4.178019981834691
RI-500,2020,1104.0,226.0,108.0,996.0,742.0,254.0,0.0,7664476.0,243012.25,1140.5,12435.5,28649.75,112044.75,13102.5,4.644549763033168
RI-500,2021,1267.0,357.0,181.0,1086.0,869.0,217.0,0.0,8099399.0,250884.0,1200.25,12830.75,28785.25,114941.0,13067.0,14.764492753623193
RI-500,2022,1577.0,497.0,248.0,1329.0,1152.0,177.0,0.0,10405306.0,251221.75,1303.75,13373.75,28659.75,115394.5,12133.0,24.46724546172061
RI-500,2023,1810.0,629.0,334.0,1476.0,1289.0,187.0,0.0,11463583.0,251624.25,1365.25,13363.0,27925.25,115764.5,11394.0,14.774889029803418
RI-500,2024,2442.0,936.0,534.0,1908.0,1738.0,170.0,0.0,15726763.0,253309.5,1419.75,14616.25,28822.25,116079.25,10712.75,34.917127071823195
TX-500,2014,2892.0,614.0,922.0,1970.0,1037.0,890.0,43.0,7181654.0,668125.6666666666,906.3333333333334,256268.66666666666,112621.66666666667,257480.33333333334,22773.333333333332,0.0
TX-500,2015,2891.0,691.0,1158.0,1733.0,1063.0,629.0,41.0,7046828.0,683585.0,918.6666666666666,46063.666666666664,112145.0,259532.33333333334,22291.666666666668,-0.03457814661134151
TX-500,2016,2781.0,521.0,1137.0,1644.0,982.0,645.0,17.0,8054854.0,697641.6666666666,962.0,46640.0,113317.33333333333,261686.66666666666,22157.0,-3.804911795226562
TX-500,2017,2743.0,651.0,1102.0,1641.0,1030.0,611.0,0.0,8654457.0,711534.6666666666,1012.6666666666666,47032.666666666664,110797.66666666667,264397.3333333333,22020.0,-1.3664149586479657
TX-500,2018,3066.0,479.0,1353.0,1713.0,1311.0,402.0,0.0,9175480.0,726463.3333333334,1051.3333333333333,46514.666666666664,111060.33333333333,267174.6666666667,22313.333333333332,11.775428363106077
TX-500,2019,2872.0,343.0,1187.0,1685.0,1364.0,321.0,0.0,9729143.0,738943.3333333334,1099.6666666666667,46257.333333333336,108921.33333333333,270021.6666666667,22781.0,-6.327462491846059
TX-500,2020,2932.0,293.0,1274.0,1658.0,1371.0,287.0,0.0,9935694.0,751242.3333333334,1130.0,47486.333333333336,109738.0,273423.6666666667,21804.666666666668,2.089136490250687
TX-500,2021,1499.0,229.0,0.0,1499.0,1251.0,242.0,6.0,10329851.0,759616.0,1193.0,48290.666666666664,107260.0,302855.6666666667,24096.666666666668,-48.87448840381992
TX-500,2022,2995.0,519.0,1036.0,1959.0,1673.0,262.0,24.0,14208612.0,770938.3333333334,1293.3333333333333,48073.333333333336,108308.66666666667,309549.3333333333,24703.0,99.79986657771849
TX-500,2023,3155.0,351.0,874.0,2281.0,2000.0,259.0,22.0,31709290.0,783197.0,1396.3333333333333,48244.333333333336,106885.33333333333,316336.6666666667,26001.333333333332,5.342237061769617
TX-500,2024,3398.0,465.0,914.0,2484.0,2181.0,276.0,27.0,18032607.0,797307.6666666666,1491.3333333333333,51226.666666666664,108371.33333333333,322813.6666666667,26908.0,7.702060221870055
TX-503,2014,1987.0,384.0,448.0,1539.0,991.0,535.0,13.0,5652049.0,439936.5,971.5,138601.5,65418.5,179538.25,14077.75,0.0
TX-503,2015,1832.0,494.0,667.0,1165.0,768.0,384.0,13.0,5612037.0,579113.6666666666,1033.0,38127.666666666664,81339.0,234591.0,17466.666666666668,-7.8007045797684915
TX-503,2016,2138.0,742.0,816.0,1322.0,890.0,416.0,16.0,5687295.0,465898.0,1033.5,29239.5,61320.25,187754.5,14404.0,16.703056768558945
TX-503,2017,2036.0,553.0,834.0,1202.0,821.0,370.0,11.0,5686658.0,480152.75,1080.75,28197.75,58518.5,193081.0,15163.0,-4.770813844714683
TX-503,2018,2147.0,498.0,1014.0,1133.0,730.0,388.0,15.0,5935642.0,494515.5,1136.75,27470.75,56873.5,198232.5,15866.5,5.451866404715133
TX-503,2019,2255.0,602.0,1086.0,1169.0,849.0,307.0,13.0,6780538.0,507970.5,1206.5,26076.0,54011.75,203912.0,16029.75,5.0302748020493615
TX-503,2020,2506.0,787.0,1574.0,932.0,674.0,204.0,54.0,10383512.0,522777.75,1244.75,25475.25,52672.75,210329.25,14694.0,11.130820399113084
TX-503,2021,2954.0,1475.0,2238.0,716.0,509.0,197.0,10.0,11011967.0,537419.25,1307.75,25850.75,54363.25,226230.0,14179.5,17.87709497206704
TX-503,2022,3157.0,1639.0,2238.0,919.0,726.0,180.0,13.0,11033509.0,552267.75,1427.0,27321.0,55873.75,235892.5,13242.0,6.872037914691953
TX-503,2023,2374.0,962.0,1266.0,1108.0,795.0,298.0,15.0,18737239.0,567135.5,1537.0,28737.25,55906.5,246070.5,12843.5,-24.802027241051626
TX-503,2024,2975.0,1169.0,1266.0,1709.0,1277.0,420.0,12.0,11924863.0,583919.75,1611.25,30265.75,56897.25,256315.25,13118.5,25.315922493681555
TX-600,2014,3514.0,489.0,242.0,3272.0,2072.0,1176.0,24.0,13483004.0,624381.2857142857,959.1428571428571,215550.14285714287,92755.0,242496.2857142857,19426.571428571428,0.0
TX-600,2015,3141.0,615.0,363.0,2778.0,1775.0,980.0,23.0,13555961.0,637626.8571428572,973.1428571428571,36870.42857142857,93737.57142857143,245866.42857142858,18474.85714285714,-10.614684120660211
TX-600,2016,3810.0,597.0,739.0,3071.0,1968.0,1080.0,23.0,13289358.0,649623.5714285715,1004.1428571428571,36187.0,91798.28571428571,250054.57142857142,17863.428571428572,21.2989493791786
TX-600,2017,3789.0,542.0,1087.0,2702.0,1897.0,786.0,19.0,12911097.0,664476.1428571428,1045.7142857142858,35579.857142857145,89470.28571428571,254913.7142857143,17964.571428571428,-0.5511811023622082
TX-600,2018,4121.0,587.0,1341.0,2780.0,1972.0,785.0,23.0,13321760.0,679432.7142857143,1107.2857142857142,35131.71428571428,85922.85714285714,260242.14285714287,18944.428571428572,8.762206386909476
TX-600,2019,4538.0,533.0,1452.0,3086.0,2044.0,993.0,49.0,13642862.0,692536.1428571428,1162.5714285714287,34866.71428571428,81078.71428571429,265761.28571428574,19864.714285714286,10.118903178840078
TX-600,2020,4471.0,505.0,1619.0,2852.0,1938.0,864.0,50.0,17036008.0,705929.8571428572,1210.142857142857,34768.57142857143,78426.28571428571,271719.0,19324.571428571428,-1.4764213309828134
TX-600,2021,4570.0,792.0,1432.0,3138.0,2611.0,497.0,30.0,18595353.0,715529.2857142857,1280.2857142857142,35456.28571428572,77617.57142857143,279186.28571428574,19459.85714285714,2.214269738313579
TX-600,2022,4410.0,1009.0,1380.0,3030.0,2451.0,533.0,46.0,18960056.0,728251.8571428572,1441.2857142857142,36108.57142857143,77367.14285714286,285731.0,19246.85714285714,-3.5010940919037226
TX-600,2023,4244.0,687.0,1184.0,3060.0,1815.0,1199.0,46.0,44872881.0,741998.8571428572,1549.0,36831.0,77838.14285714286,292601.85714285716,19130.714285714286,-3.7641723356009016
TX-600,2024,3718.0,663.0,1086.0,2632.0,1557.0,1021.0,54.0,27254224.0,760092.1428571428,1644.857142857143,36640.0,78459.42857142857,299324.14285714284,19006.0,-12.393967954759667
TX-601,2014,2425.0,331.0,184.0,2241.0,1273.0,948.0,20.0,8291972.0,707923.0,894.6666666666666,240611.33333333334,105448.66666666667,277212.3333333333,22711.0,0.0
TX-601,2015,1914.0,136.0,217.0,1697.0,1245.0,432.0,20.0,8534796.0,719964.0,898.6666666666666,42085.666666666664,104480.33333333333,279624.3333333333,22890.0,-21.072164948453608
TX-601,2016,1938.0,189.0,423.0,1515.0,1088.0,407.0,20.0,8783312.0,732426.6666666666,917.3333333333334,41766.0,101994.0,282438.6666666667,22399.666666666668,1.2539184952978122
TX-601,2017,1941.0,234.0,390.0,1551.0,1294.0,237.0,20.0,8305439.0,746092.0,956.6666666666666,40227.333333333336,97705.0,285859.6666666667,22749.666666666668,0.1547987616099089
TX-601,2018,2015.0,278.0,678.0,1337.0,1228.0,89.0,20.0,8877356.0,760931.6666666666,1002.6666666666666,39526.666666666664,95296.66666666667,289406.3333333333,22845.333333333332,3.8124678001030476
TX-601,2019,2028.0,320.0,560.0,1468.0,1263.0,185.0,20.0,9500581.0,773132.3333333334,1043.3333333333333,37604.666666666664,89725.66666666667,293284.3333333333,23342.666666666668,0.6451612903225712
TX-601,2020,2126.0,247.0,803.0,1323.0,1118.0,185.0,20.0,13604830.0,785071.3333333334,1079.3333333333333,37525.333333333336,87217.66666666667,298014.0,22492.666666666668,4.832347140039439
TX-601,2021,1300.0,165.0,479.0,821.0,665.0,137.0,19.0,15423586.0,794019.6666666666,1157.6666666666667,37898.333333333336,87347.0,306209.3333333333,22364.666666666668,-38.85230479774224
TX-601,2022,1665.0,196.0,479.0,1186.0,1047.0,120.0,19.0,15890396.0,804128.6666666666,1304.6666666666667,39618.333333333336,86826.33333333333,312126.0,22163.333333333332,28.076923076923066
TX-601,2023,2776.0,368.0,1088.0,1688.0,1479.0,189.0,20.0,15909151.0,815445.3333333334,1410.0,40639.333333333336,87313.0,318418.0,22751.666666666668,66.72672672672672
TX-601,2024,2463.0,424.0,967.0,1496.0,1286.0,190.0,20.0,20429152.0,830486.0,1481.6666666666667,42007.0,89821.66666666667,324644.0,23189.666666666668,-11.275216138328526
TX-700,2014,5308.0,769.0,2291.0,3017.0,1033.0,1971.0,13.0,20121516.0,866347.5714285715,913.1428571428571,312145.0,141826.14285714287,334892.71428571426,35444.71428571428,0.0
TX-700,2015,4609.0,600.0,1950.0,2659.0,1101.0,1558.0,0.0,20011436.0,1026107.3333333334,954.1666666666666,66077.16666666667,163080.0,393225.8333333333,38117.666666666664,-13.168801808590802
TX-700,2016,4031.0,516.0,1196.0,2835.0,1478.0,1357.0,0.0,28776370.0,905543.4285714285,966.8571428571429,56368.0,139499.85714285713,347139.4285714286,31960.428571428572,-12.54068127576481
TX-700,2017,3605.0,539.0,1128.0,2477.0,1489.0,988.0,0.0,29911414.0,927100.4285714285,1003.8571428571429,56333.0,137864.85714285713,354312.71428571426,32339.0,-10.568097246340857
TX-700,2018,4143.0,669.0,1614.0,2529.0,1714.0,815.0,0.0,30296131.0,947218.0,1056.2857142857142,56937.142857142855,135547.14285714287,361153.28571428574,33657.28571428572,14.923717059639397
TX-700,2019,3938.0,661.0,1614.0,2324.0,1662.0,623.0,39.0,35209137.0,962111.7142857143,1098.4285714285713,56959.142857142855,132209.57142857142,368118.4285714286,34733.142857142855,-4.948105237750422
TX-700,2020,3974.0,800.0,1656.0,2318.0,1706.0,587.0,25.0,41760038.0,975111.0,1119.5714285714287,57280.57142857143,131689.0,375196.5714285714,33898.42857142857,0.9141696292534363
TX-700,2021,3047.0,454.0,1510.0,1537.0,1091.0,437.0,9.0,42588063.0,985132.8571428572,1170.857142857143,59594.57142857143,132159.14285714287,383059.0,34549.57142857143,-23.32662304982386
TX-700,2022,3124.0,574.0,1502.0,1622.0,1167.0,445.0,10.0,45243794.0,997657.7142857143,1277.4285714285713,61983.42857142857,134654.2857142857,391234.4285714286,33583.28571428572,2.5270758122743597
TX-700,2023,3270.0,553.0,1242.0,2028.0,1529.0,485.0,14.0,46204617.0,1011965.1428571428,1340.5714285714287,64310.857142857145,137786.14285714287,400351.28571428574,33226.28571428572,4.673495518565951
TX-700,2024,3280.0,504.0,1107.0,2173.0,1615.0,545.0,13.0,59600165.0,1034928.8571428572,1381.857142857143,68436.28571428571,144046.85714285713,409733.5714285714,34137.0,0.3058103975535076
UT-500,2014,2150.0,369.0,110.0,2040.0,1362.0,631.0,47.0,5334802.0,532732.6666666666,871.3333333333334,161595.33333333334,63662.333333333336,185724.33333333334,10830.666666666666,0.0
UT-500,2015,2176.0,182.0,90.0,2086.0,1411.0,653.0,22.0,5626625.0,540640.6666666666,880.6666666666666,26241.0,62298.333333333336,187420.33333333334,10774.0,1.209302325581385
UT-500,2016,1891.0,164.0,57.0,1834.0,1434.0,400.0,0.0,6970481.0,548083.6666666666,902.6666666666666,25127.333333333332,58505.333333333336,189447.33333333334,10875.666666666666,-13.097426470588236
UT-500,2017,2047.0,143.0,161.0,1886.0,1621.0,265.0,0.0,6858970.0,555467.6666666666,942.0,23509.333333333332,54722.333333333336,193061.0,11135.0,8.249603384452664
UT-500,2018,1804.0,227.0,136.0,1668.0,1356.0,312.0,0.0,6922916.0,563170.3333333334,991.3333333333334,23076.333333333332,51480.666666666664,196032.66666666666,11129.0,-11.87103077674646
UT-500,2019,1844.0,383.0,193.0,1651.0,1418.0,233.0,0.0,7449994.0,570276.0,1038.0,21565.333333333332,48910.333333333336,199227.66666666666,11560.0,2.2172949002217335
UT-500,2020,1958.0,436.0,268.0,1690.0,1445.0,245.0,0.0,8013120.0,577092.0,1100.3333333333333,20502.333333333332,45820.666666666664,202779.0,10901.333333333334,6.182212581344904
UT-500,2021,2314.0,545.0,623.0,1691.0,1479.0,212.0,0.0,8843051.0,590215.3333333334,1174.6666666666667,21149.666666666668,46074.666666666664,209929.66666666666,10834.666666666666,18.181818181818187
UT-500,2022,2095.0,567.0,281.0,1814.0,1538.0,276.0,0.0,9778026.0,595052.0,1329.6666666666667,21099.0,45319.333333333336,214486.0,11213.333333333334,-9.464131374243735
UT-500,2023,2297.0,753.0,435.0,1862.0,1594.0,268.0,0.0,9848455.0,598544.0,1426.0,21512.0,46385.666666666664,219114.0,11242.0,9.642004773269687
UT-500,2024,2404.0,654.0,413.0,1991.0,1739.0,252.0,0.0,10825621.0,604724.0,1530.6666666666667,22804.333333333332,47087.666666666664,223703.0,11606.666666666666,4.6582498911623915
WA-500,2014,8949.0,885.0,2736.0,6213.0,2906.0,3265.0,42.0,3296481.0,1979786.0,1161.0,483335.0,233458.0,863745.0,55016.0,0.0
WA-500,2015,10122.0,823.0,3803.0,6319.0,3282.0,2993.0,44.0,3218763.0,2016519.0,1204.0,109932.0,226204.0,871836.0,52185.0,13.10760978880321
WA-500,2016,10730.0,814.0,4505.0,6225.0,3200.0,2983.0,42.0,2662264.0,2050328.0,1273.0,106982.0,219317.0,882655.0,50660.0,6.0067180399130615
WA-500,2017,11643.0,2773.0,5485.0,6158.0,3491.0,2624.0,43.0,2252610.0,2089582.0,1379.0,101374.0,212509.0,902107.0,51030.0,8.508853681267482
WA-500,2018,12112.0,3552.0,6320.0,5792.0,3585.0,2166.0,41.0,1909244.0,2133784.0,1494.0,97124.0,203702.0,917904.0,52277.0,4.028171433479333
WA-500,2019,11199.0,2213.0,5228.0,5971.0,4065.0,1863.0,43.0,1358239.0,2165562.0,1606.0,92347.0,193603.0,935471.0,53443.0,-7.53797886393659
WA-500,2020,11751.0,3355.0,5578.0,6173.0,4085.0,2007.0,81.0,47515340.0,2194633.0,1695.0,87585.0,184895.0,952344.0,52283.0,4.9290115188856065
WA-500,2021,5183.0,1301.0,0.0,5183.0,3429.0,1689.0,65.0,50009087.0,2210498.0,1801.0,89200.0,186252.0,957123.0,54815.0,-55.89311547953366
WA-500,2022,13368.0,4705.0,7685.0,5683.0,4141.0,1487.0,55.0,52776589.0,2223603.0,1950.0,95380.0,187794.0,972821.0,56551.0,157.92012348060967
WA-500,2023,14149.0,4575.0,7685.0,6464.0,4885.0,1525.0,54.0,57878099.0,2231897.0,2035.0,97668.0,186954.0,988330.0,60513.0,5.84230999401556
WA-500,2024,16868.0,8397.0,9810.0,7058.0,5601.0,1399.0,58.0,63855086.0,2255985.0,2092.0,103345.0,193848.0,1003284.0,62230.0,19.216905788394946
WA-503,2014,1464.0,224.0,293.0,1171.0,646.0,525.0,0.0,60496.0,794608.0,1021.0,237564.0,99743.0,328924.0,27560.0,0.0
WA-503,2015,1283.0,202.0,341.0,942.0,586.0,356.0,0.0,65656.0,804939.0,1029.0,46881.0,102233.0,331369.0,27783.0,-12.363387978142082
WA-503,2016,1762.0,388.0,494.0,1268.0,874.0,394.0,0.0,0.0,816169.0,1068.0,47854.0,103562.0,333541.0,26435.0,37.33437256430241
WA-503,2017,1321.0,337.0,504.0,817.0,577.0,240.0,0.0,0.0,828520.0,1116.0,48192.0,101328.0,339302.0,26463.0,-25.028376844494893
WA-503,2018,1628.0,366.0,750.0,878.0,743.0,135.0,0.0,0.0,843781.0,1186.0,45833.0,94207.0,343060.0,25361.0,23.23996971990916
WA-503,2019,1486.0,364.0,629.0,857.0,696.0,161.0,0.0,0.0,859999.0,1250.0,44838.0,89714.0,347022.0,23726.0,-8.722358722358726
WA-503,2020,1897.0,646.0,914.0,983.0,816.0,167.0,0.0,3609841.0,874369.0,1338.0,43351.0,83286.0,351346.0,20347.0,27.658142664872145
WA-503,2021,1005.0,249.0,0.0,1005.0,898.0,107.0,0.0,4106168.0,892235.0,1444.0,40873.0,78372.0,355970.0,20001.0,-47.02161307327359
WA-503,2022,1851.0,454.0,667.0,1184.0,1076.0,108.0,0.0,4178515.0,899960.0,1604.0,42273.0,77932.0,360816.0,19033.0,84.17910447761194
WA-503,2023,2148.0,531.0,763.0,1385.0,1264.0,121.0,0.0,4298184.0,903313.0,1722.0,43447.0,80115.0,365748.0,19040.0,16.045380875202596
WA-503,2024,2661.0,651.0,1216.0,1445.0,1311.0,134.0,0.0,4530152.0,908615.0,1806.0,43455.0,80014.0,369709.0,18379.0,23.8826815642458
